,date,areaCode,newCasesByPublishDate,newCasesBySpecimenDate,newDeaths28DaysByDeathDate,newDeaths28DaysByPublishDate,newVirusTestsBySpecimenDate
0,2022-09-15,E92000001,27055.0,,,437.0,
1,2022-09-14,E92000001,0.0,2752.0,,0.0,43463.0
2,2022-09-13,E92000001,0.0,4122.0,,0.0,47440.0
3,2022-09-12,E92000001,0.0,4463.0,12.0,0.0,56102.0
4,2022-09-11,E92000001,0.0,3789.0,27.0,0.0,36249.0
5,2022-09-10,E92000001,0.0,2794.0,24.0,0.0,32629.0
6,2022-09-09,E92000001,0.0,3043.0,37.0,0.0,42674.0
7,2022-09-08,E92000001,28258.0,3226.0,38.0,745.0,54162.0
8,2022-09-07,E92000001,0.0,3726.0,53.0,0.0,67482.0
9,2022-09-06,E92000001,0.0,3926.0,48.0,0.0,80897.0
10,2022-09-05,E92000001,0.0,4375.0,60.0,0.0,100110.0
11,2022-09-04,E92000001,0.0,3755.0,67.0,0.0,66661.0
12,2022-09-03,E92000001,0.0,2965.0,49.0,0.0,66415.0
13,2022-09-02,E92000001,0.0,3230.0,68.0,0.0,86726.0
14,2022-09-01,E92000001,0.0,3758.0,67.0,0.0,100617.0
15,2022-08-31,E92000001,24908.0,3959.0,89.0,456.0,110493.0
16,2022-08-30,E92000001,0.0,4471.0,59.0,0.0,142683.0
17,2022-08-29,E92000001,0.0,3934.0,65.0,0.0,126118.0
18,2022-08-28,E92000001,0.0,2881.0,75.0,0.0,80280.0
19,2022-08-27,E92000001,0.0,2586.0,72.0,0.0,86529.0
20,2022-08-26,E92000001,0.0,2986.0,70.0,0.0,115674.0
21,2022-08-25,E92000001,0.0,3250.0,68.0,0.0,151211.0
22,2022-08-24,E92000001,27732.0,3894.0,65.0,723.0,137883.0
23,2022-08-23,E92000001,0.0,4015.0,78.0,0.0,141562.0
24,2022-08-22,E92000001,0.0,4504.0,85.0,0.0,193485.0
25,2022-08-21,E92000001,0.0,3532.0,91.0,0.0,102859.0
26,2022-08-20,E92000001,0.0,2825.0,94.0,0.0,99808.0
27,2022-08-19,E92000001,0.0,3312.0,76.0,0.0,133743.0
28,2022-08-18,E92000001,0.0,3857.0,86.0,0.0,162077.0
29,2022-08-17,E92000001,35168.0,4380.0,81.0,895.0,146166.0
30,2022-08-16,E92000001,0.0,4826.0,105.0,0.0,156199.0
31,2022-08-15,E92000001,0.0,5592.0,123.0,0.0,200019.0
32,2022-08-14,E92000001,0.0,4776.0,106.0,0.0,105912.0
33,2022-08-13,E92000001,0.0,3967.0,129.0,0.0,104027.0
34,2022-08-12,E92000001,0.0,4773.0,133.0,0.0,148063.0
35,2022-08-11,E92000001,0.0,5436.0,144.0,0.0,172865.0
36,2022-08-10,E92000001,46284.0,5984.0,116.0,990.0,156523.0
37,2022-08-09,E92000001,0.0,6459.0,121.0,0.0,168655.0
38,2022-08-08,E92000001,0.0,7222.0,129.0,0.0,212567.0
39,2022-08-07,E92000001,0.0,5895.0,128.0,0.0,119395.0
40,2022-08-06,E92000001,0.0,4850.0,115.0,0.0,121096.0
41,2022-08-05,E92000001,0.0,5858.0,121.0,0.0,168963.0
42,2022-08-04,E92000001,0.0,6517.0,120.0,0.0,185589.0
43,2022-08-03,E92000001,57277.0,7410.0,153.0,1075.0,171000.0
44,2022-08-02,E92000001,0.0,8159.0,149.0,0.0,191092.0
45,2022-08-01,E92000001,0.0,8812.0,151.0,0.0,225855.0
46,2022-07-31,E92000001,0.0,7666.0,142.0,0.0,128572.0
47,2022-07-30,E92000001,0.0,6611.0,129.0,0.0,127582.0
48,2022-07-29,E92000001,0.0,7581.0,172.0,0.0,177486.0
49,2022-07-28,E92000001,0.0,8334.0,172.0,0.0,205523.0
50,2022-07-27,E92000001,81951.0,9430.0,145.0,1197.0,193239.0
51,2022-07-26,E92000001,0.0,10477.0,141.0,0.0,205590.0
52,2022-07-25,E92000001,0.0,11927.0,147.0,0.0,250877.0
53,2022-07-24,E92000001,0.0,10213.0,178.0,0.0,146728.0
54,2022-07-23,E92000001,0.0,8905.0,156.0,0.0,144453.0
55,2022-07-22,E92000001,0.0,11174.0,148.0,0.0,204652.0
56,2022-07-21,E92000001,0.0,12788.0,150.0,0.0,227041.0
57,2022-07-20,E92000001,123568.0,14535.0,209.0,1100.0,220823.0
58,2022-07-19,E92000001,0.0,14863.0,302.0,0.0,201062.0
59,2022-07-18,E92000001,0.0,16915.0,161.0,0.0,265811.0
60,2022-07-17,E92000001,0.0,15701.0,192.0,0.0,177123.0
61,2022-07-16,E92000001,0.0,13671.0,159.0,0.0,165703.0
62,2022-07-15,E92000001,0.0,16625.0,142.0,0.0,237407.0
63,2022-07-14,E92000001,0.0,19340.0,141.0,0.0,255301.0
64,2022-07-13,E92000001,171877.0,21640.0,159.0,850.0,253660.0
65,2022-07-12,E92000001,0.0,24372.0,163.0,0.0,251263.0
66,2022-07-11,E92000001,0.0,27196.0,148.0,0.0,295070.0
67,2022-07-10,E92000001,0.0,23037.0,150.0,0.0,197059.0
68,2022-07-09,E92000001,0.0,19351.0,145.0,0.0,172601.0
69,2022-07-08,E92000001,0.0,22169.0,132.0,0.0,219963.0
70,2022-07-07,E92000001,0.0,24048.0,119.0,0.0,265665.0
71,2022-07-06,E92000001,120170.0,26726.0,131.0,301.0,250329.0
72,2022-07-05,E92000001,0.0,28115.0,113.0,0.0,260631.0
73,2022-07-04,E92000001,0.0,30382.0,117.0,0.0,307334.0
74,2022-07-03,E92000001,0.0,25170.0,97.0,0.0,186438.0
75,2022-07-02,E92000001,0.0,19588.0,106.0,0.0,173224.0
76,2022-07-01,E92000001,20731.0,21059.0,92.0,87.0,235823.0
77,2022-06-30,E92000001,21732.0,21505.0,84.0,68.0,248073.0
78,2022-06-29,E92000001,21428.0,21719.0,85.0,117.0,231788.0
79,2022-06-28,E92000001,21415.0,21868.0,68.0,117.0,242364.0
80,2022-06-27,E92000001,47332.0,21896.0,73.0,84.0,284068.0
81,2022-06-26,E92000001,0.0,18036.0,66.0,0.0,168370.0
82,2022-06-25,E92000001,0.0,14472.0,71.0,0.0,155251.0
83,2022-06-24,E92000001,16489.0,15622.0,55.0,68.0,201370.0
84,2022-06-23,E92000001,17481.0,16696.0,72.0,64.0,227543.0
85,2022-06-22,E92000001,17202.0,17760.0,65.0,77.0,204642.0
86,2022-06-21,E92000001,16432.0,17528.0,56.0,105.0,215494.0
87,2022-06-20,E92000001,36452.0,16918.0,60.0,64.0,265281.0
88,2022-06-19,E92000001,0.0,14521.0,58.0,0.0,158043.0
89,2022-06-18,E92000001,0.0,11636.0,51.0,0.0,142019.0
90,2022-06-17,E92000001,12065.0,11640.0,52.0,65.0,189026.0
91,2022-06-16,E92000001,12080.0,11911.0,58.0,50.0,211653.0
92,2022-06-15,E92000001,13401.0,12386.0,46.0,48.0,194657.0
93,2022-06-14,E92000001,12031.0,12659.0,37.0,89.0,204822.0
94,2022-06-13,E92000001,28249.0,12955.0,37.0,57.0,260610.0
95,2022-06-12,E92000001,0.0,10716.0,31.0,0.0,149568.0
96,2022-06-11,E92000001,0.0,8466.0,43.0,0.0,141617.0
97,2022-06-10,E92000001,9217.0,9154.0,53.0,52.0,195296.0
98,2022-06-09,E92000001,9741.0,9585.0,36.0,60.0,219250.0
99,2022-06-08,E92000001,9298.0,9953.0,41.0,85.0,199843.0
100,2022-06-07,E92000001,10240.0,9481.0,40.0,132.0,208243.0
101,2022-06-06,E92000001,29155.0,9799.0,51.0,78.0,264736.0
102,2022-06-05,E92000001,0.0,8351.0,45.0,0.0,152232.0
103,2022-06-04,E92000001,0.0,6277.0,48.0,0.0,135126.0
104,2022-06-03,E92000001,0.0,5582.0,35.0,0.0,153638.0
105,2022-06-02,E92000001,0.0,5081.0,46.0,0.0,160349.0
106,2022-06-01,E92000001,5313.0,5713.0,40.0,90.0,182329.0
107,2022-05-31,E92000001,5802.0,5732.0,56.0,110.0,194687.0
108,2022-05-30,E92000001,13590.0,5927.0,59.0,67.0,244016.0
109,2022-05-29,E92000001,0.0,4686.0,36.0,0.0,145894.0
110,2022-05-28,E92000001,0.0,4153.0,53.0,0.0,146042.0
111,2022-05-27,E92000001,4661.0,4492.0,54.0,61.0,206415.0
112,2022-05-26,E92000001,5293.0,4818.0,63.0,60.0,234760.0
113,2022-05-25,E92000001,5810.0,5188.0,44.0,91.0,220365.0
114,2022-05-24,E92000001,6352.0,5593.0,45.0,127.0,228167.0
115,2022-05-23,E92000001,14592.0,6247.0,60.0,85.0,287132.0
116,2022-05-22,E92000001,0.0,5151.0,62.0,0.0,165444.0
117,2022-05-21,E92000001,0.0,4243.0,63.0,0.0,155428.0
118,2022-05-20,E92000001,6003.0,5046.0,67.0,80.0,216526.0
119,2022-05-19,E92000001,6704.0,5783.0,58.0,123.0,234437.0
120,2022-05-18,E92000001,7388.0,6391.0,57.0,122.0,223557.0
121,2022-05-17,E92000001,8102.0,6831.0,84.0,181.0,240019.0
122,2022-05-16,E92000001,16903.0,7883.0,68.0,128.0,316413.0
123,2022-05-15,E92000001,0.0,6730.0,84.0,0.0,186368.0
124,2022-05-14,E92000001,0.0,5138.0,83.0,0.0,163871.0
125,2022-05-13,E92000001,6511.0,5790.0,90.0,141.0,241398.0
126,2022-05-12,E92000001,10874.0,6374.0,101.0,128.0,268214.0
127,2022-05-11,E92000001,8036.0,7262.0,92.0,200.0,256031.0
128,2022-05-10,E92000001,9751.0,8151.0,107.0,272.0,273259.0
129,2022-05-09,E92000001,21712.0,8868.0,105.0,180.0,342783.0
130,2022-05-08,E92000001,0.0,7664.0,106.0,0.0,204419.0
131,2022-05-07,E92000001,0.0,6353.0,118.0,0.0,193404.0
132,2022-05-06,E92000001,9405.0,7508.0,124.0,203.0,267079.0
133,2022-05-05,E92000001,10311.0,8582.0,118.0,393.0,291861.0
134,2022-05-04,E92000001,14596.0,9775.0,125.0,195.0,288733.0
135,2022-05-03,E92000001,29029.0,11149.0,123.0,367.0,335929.0
136,2022-05-02,E92000001,0.0,10327.0,140.0,0.0,277160.0
137,2022-05-01,E92000001,0.0,7718.0,158.0,0.0,198328.0
138,2022-04-30,E92000001,0.0,6864.0,166.0,0.0,208760.0
139,2022-04-29,E92000001,9705.0,7987.0,155.0,182.0,280665.0
140,2022-04-28,E92000001,10945.0,9048.0,170.0,204.0,322745.0
141,2022-04-27,E92000001,13481.0,10115.0,163.0,262.0,320189.0
142,2022-04-26,E92000001,13045.0,11291.0,154.0,413.0,335676.0
143,2022-04-25,E92000001,35925.0,13395.0,168.0,294.0,408505.0
144,2022-04-24,E92000001,0.0,11867.0,161.0,0.0,264599.0
145,2022-04-23,E92000001,0.0,10570.0,179.0,0.0,258932.0
146,2022-04-22,E92000001,15832.0,12519.0,191.0,243.0,335066.0
147,2022-04-21,E92000001,18475.0,14518.0,182.0,624.0,364237.0
148,2022-04-20,E92000001,20767.0,16963.0,209.0,443.0,368694.0
149,2022-04-19,E92000001,93281.0,20590.0,178.0,411.0,413024.0
150,2022-04-18,E92000001,0.0,20560.0,226.0,0.0,342410.0
151,2022-04-17,E92000001,0.0,16261.0,225.0,0.0,261211.0
152,2022-04-16,E92000001,0.0,16086.0,229.0,0.0,265756.0
153,2022-04-15,E92000001,0.0,17301.0,216.0,0.0,301082.0
154,2022-04-14,E92000001,27283.0,21433.0,239.0,295.0,394860.0
155,2022-04-13,E92000001,29335.0,25506.0,263.0,615.0,421461.0
156,2022-04-12,E92000001,31230.0,27380.0,253.0,240.0,433615.0
157,2022-04-11,E92000001,75194.0,30597.0,238.0,301.0,499764.0
158,2022-04-10,E92000001,0.0,25637.0,245.0,0.0,350578.0
159,2022-04-09,E92000001,0.0,23010.0,241.0,0.0,353985.0
160,2022-04-08,E92000001,33782.0,27387.0,267.0,302.0,463601.0
161,2022-04-07,E92000001,38678.0,31745.0,246.0,274.0,509262.0
162,2022-04-06,E92000001,42392.0,36886.0,245.0,184.0,549980.0
163,2022-04-05,E92000001,41436.0,40395.0,225.0,313.0,566770.0
164,2022-04-04,E92000001,122027.0,45131.0,211.0,152.0,614660.0
165,2022-04-03,E92000001,0.0,35598.0,231.0,0.0,488876.0
166,2022-04-02,E92000001,0.0,31603.0,255.0,0.0,444930.0
167,2022-04-01,E92000001,60220.0,40342.0,215.0,134.0,604605.0
168,2022-03-31,E92000001,62816.0,45872.0,222.0,136.0,680201.0
169,2022-03-30,E92000001,74419.0,62747.0,212.0,156.0,739456.0
170,2022-03-29,E92000001,64935.0,67441.0,204.0,251.0,752812.0
171,2022-03-28,E92000001,183459.0,78903.0,188.0,143.0,768219.0
172,2022-03-27,E92000001,0.0,57999.0,186.0,0.0,642725.0
173,2022-03-26,E92000001,0.0,51773.0,186.0,0.0,564552.0
174,2022-03-25,E92000001,63371.0,60256.0,180.0,123.0,706793.0
175,2022-03-24,E92000001,79373.0,68601.0,175.0,111.0,762527.0
176,2022-03-23,E92000001,85916.0,77593.0,164.0,137.0,824675.0
177,2022-03-22,E92000001,74804.0,81847.0,185.0,200.0,835714.0
178,2022-03-21,E92000001,188925.0,89904.0,145.0,127.0,852995.0
179,2022-03-20,E92000001,0.0,66902.0,155.0,0.0,645000.0
180,2022-03-19,E92000001,0.0,55210.0,149.0,0.0,600872.0
181,2022-03-18,E92000001,68492.0,61903.0,162.0,95.0,737070.0
182,2022-03-17,E92000001,75681.0,67683.0,159.0,100.0,791941.0
183,2022-03-16,E92000001,76366.0,73955.0,145.0,116.0,846971.0
184,2022-03-15,E92000001,64313.0,74098.0,132.0,168.0,808130.0
185,2022-03-14,E92000001,163954.0,79518.0,155.0,125.0,834002.0
186,2022-03-13,E92000001,0.0,60262.0,126.0,0.0,638628.0
187,2022-03-12,E92000001,0.0,49155.0,126.0,0.0,564042.0
188,2022-03-11,E92000001,55883.0,52269.0,119.0,87.0,696962.0
189,2022-03-10,E92000001,52722.0,54292.0,128.0,95.0,747649.0
190,2022-03-09,E92000001,51378.0,55489.0,123.0,95.0,758338.0
191,2022-03-08,E92000001,44918.0,52340.0,128.0,172.0,731784.0
192,2022-03-07,E92000001,95324.0,50984.0,117.0,107.0,757901.0
193,2022-03-06,E92000001,0.0,35912.0,106.0,0.0,561096.0
194,2022-03-05,E92000001,0.0,28503.0,107.0,0.0,501527.0
195,2022-03-04,E92000001,31776.0,30604.0,108.0,80.0,629366.0
196,2022-03-03,E92000001,32858.0,31533.0,140.0,144.0,679857.0
197,2022-03-02,E92000001,32077.0,33359.0,128.0,42.0,723060.0
198,2022-03-01,E92000001,26711.0,31857.0,111.0,158.0,689764.0
199,2022-02-28,E92000001,60595.0,31858.0,119.0,106.0,756378.0
200,2022-02-27,E92000001,0.0,22165.0,107.0,0.0,576453.0
201,2022-02-26,E92000001,0.0,17601.0,116.0,0.0,499198.0
202,2022-02-25,E92000001,23526.0,19531.0,122.0,97.0,631529.0
203,2022-02-24,E92000001,28193.0,21883.0,137.0,99.0,707595.0
204,2022-02-23,E92000001,29703.0,26008.0,121.0,140.0,785242.0
205,2022-02-22,E92000001,30080.0,28017.0,120.0,170.0,770462.0
206,2022-02-21,E92000001,29753.0,33030.0,124.0,10.0,883384.0
207,2022-02-20,E92000001,23831.0,28408.0,145.0,69.0,765195.0
208,2022-02-19,E92000001,32230.0,26430.0,137.0,123.0,626259.0
209,2022-02-18,E92000001,36900.0,24921.0,131.0,130.0,729797.0
210,2022-02-17,E92000001,40376.0,34168.0,144.0,156.0,929382.0
211,2022-02-16,E92000001,42756.0,39443.0,150.0,170.0,1013585.0
212,2022-02-15,E92000001,36471.0,40144.0,149.0,214.0,937248.0
213,2022-02-14,E92000001,31943.0,42491.0,169.0,23.0,985951.0
214,2022-02-13,E92000001,32316.0,32326.0,156.0,50.0,828979.0
215,2022-02-12,E92000001,37791.0,29140.0,149.0,147.0,779944.0
216,2022-02-11,E92000001,46736.0,34942.0,149.0,160.0,998551.0
217,2022-02-10,E92000001,53993.0,41331.0,165.0,170.0,1121504.0
218,2022-02-09,E92000001,59193.0,51014.0,160.0,242.0,1287303.0
219,2022-02-08,E92000001,58453.0,55437.0,166.0,294.0,1192384.0
220,2022-02-07,E92000001,48601.0,62672.0,156.0,34.0,1278611.0
221,2022-02-06,E92000001,49533.0,50143.0,193.0,61.0,1101736.0
222,2022-02-05,E92000001,57377.0,43233.0,195.0,232.0,930801.0
223,2022-02-04,E92000001,73185.0,52556.0,179.0,228.0,1141583.0
224,2022-02-03,E92000001,77189.0,64031.0,206.0,258.0,1290988.0
225,2022-02-02,E92000001,81446.0,73907.0,228.0,519.0,1424473.0
226,2022-02-01,E92000001,103353.0,78512.0,228.0,185.0,1276538.0
227,2022-01-31,E92000001,81720.0,88499.0,230.0,37.0,1389106.0
228,2022-01-30,E92000001,59559.0,74976.0,217.0,75.0,1219365.0
229,2022-01-29,E92000001,69137.0,63018.0,239.0,275.0,1025217.0
230,2022-01-28,E92000001,78711.0,71682.0,226.0,247.0,1234564.0
231,2022-01-27,E92000001,85288.0,82727.0,262.0,302.0,1366034.0
232,2022-01-26,E92000001,90587.0,93211.0,239.0,300.0,1533145.0
233,2022-01-25,E92000001,84302.0,96954.0,214.0,409.0,1356765.0
234,2022-01-24,E92000001,77232.0,109233.0,251.0,44.0,1487030.0
235,2022-01-23,E92000001,68913.0,88557.0,224.0,58.0,1310369.0
236,2022-01-22,E92000001,73331.0,70483.0,259.0,262.0,1103769.0
237,2022-01-21,E92000001,85902.0,79172.0,270.0,255.0,1299499.0
238,2022-01-20,E92000001,95974.0,86952.0,228.0,280.0,1433505.0
239,2022-01-19,E92000001,96545.0,97333.0,243.0,301.0,1615867.0
240,2022-01-18,E92000001,84987.0,103308.0,255.0,400.0,1402032.0
241,2022-01-17,E92000001,74249.0,114776.0,260.0,63.0,1522829.0
242,2022-01-16,E92000001,66273.0,85596.0,251.0,79.0,1363505.0
243,2022-01-15,E92000001,74576.0,67819.0,257.0,266.0,1141088.0
244,2022-01-14,E92000001,87857.0,75174.0,253.0,221.0,1319462.0
245,2022-01-13,E92000001,97770.0,84132.0,235.0,284.0,1482010.0
246,2022-01-12,E92000001,116173.0,90002.0,227.0,361.0,1661757.0
247,2022-01-11,E92000001,104833.0,100978.0,248.0,358.0,1512851.0
248,2022-01-10,E92000001,115998.0,116340.0,249.0,55.0,1779964.0
249,2022-01-09,E92000001,121228.0,83079.0,235.0,84.0,1707212.0
250,2022-01-08,E92000001,130330.0,81218.0,221.0,282.0,1403671.0
251,2022-01-07,E92000001,149405.0,105081.0,230.0,193.0,1709306.0
252,2022-01-06,E92000001,152306.0,150786.0,224.0,203.0,1970203.0
253,2022-01-05,E92000001,150232.0,183794.0,196.0,316.0,2350210.0
254,2022-01-04,E92000001,148725.0,234873.0,180.0,25.0,2340925.0
255,2022-01-03,E92000001,137541.0,193612.0,161.0,42.0,1750165.0
256,2022-01-02,E92000001,123547.0,148606.0,155.0,59.0,1443022.0
257,2022-01-01,E92000001,162572.0,99297.0,164.0,154.0,1210069.0
258,2021-12-31,E92000001,160276.0,152884.0,149.0,178.0,1834130.0
259,2021-12-30,E92000001,146604.0,192822.0,176.0,317.0,1586067.0
260,2021-12-29,E92000001,138287.0,224023.0,105.0,38.0,1614170.0
261,2021-12-28,E92000001,117093.0,170580.0,145.0,15.0,1506161.0
262,2021-12-27,E92000001,98515.0,155563.0,128.0,143.0,1423313.0
263,2021-12-26,E92000001,103558.0,98906.0,108.0,0.0,1392693.0
264,2021-12-25,E92000001,113628.0,59911.0,95.0,0.0,1264342.0
265,2021-12-24,E92000001,105069.0,117562.0,114.0,114.0,1756139.0
266,2021-12-23,E92000001,107055.0,137022.0,123.0,125.0,1744411.0
267,2021-12-22,E92000001,95795.0,138143.0,115.0,123.0,1796700.0
268,2021-12-21,E92000001,80916.0,129598.0,89.0,154.0,1615871.0
269,2021-12-20,E92000001,76065.0,117577.0,101.0,35.0,1669192.0
270,2021-12-19,E92000001,71702.0,78493.0,92.0,38.0,1542936.0
271,2021-12-18,E92000001,82426.0,78930.0,92.0,111.0,1534091.0
272,2021-12-17,E92000001,83693.0,84949.0,114.0,98.0,1744362.0
273,2021-12-16,E92000001,77299.0,93797.0,91.0,122.0,1738842.0
274,2021-12-15,E92000001,68868.0,99651.0,95.0,129.0,1744611.0
275,2021-12-14,E92000001,53093.0,90715.0,110.0,138.0,1423201.0
276,2021-12-13,E92000001,44931.0,76508.0,92.0,26.0,1487877.0
277,2021-12-12,E92000001,40713.0,46366.0,106.0,44.0,1340724.0
278,2021-12-11,E92000001,48540.0,41940.0,79.0,117.0,1044763.0
279,2021-12-10,E92000001,48908.0,45017.0,95.0,90.0,1270156.0
280,2021-12-09,E92000001,43550.0,48816.0,103.0,113.0,1385956.0
281,2021-12-08,E92000001,44019.0,50057.0,98.0,134.0,1375186.0
282,2021-12-07,E92000001,38866.0,48140.0,95.0,161.0,1166913.0
283,2021-12-06,E92000001,41525.0,51121.0,111.0,34.0,1276920.0
284,2021-12-05,E92000001,37396.0,35037.0,92.0,41.0,1223505.0
285,2021-12-04,E92000001,39949.0,33378.0,119.0,104.0,958925.0
286,2021-12-03,E92000001,43888.0,39222.0,114.0,115.0,1156422.0
287,2021-12-02,E92000001,45880.0,43046.0,85.0,104.0,1240242.0
288,2021-12-01,E92000001,41519.0,47262.0,104.0,141.0,1320218.0
289,2021-11-30,E92000001,33590.0,47631.0,88.0,143.0,1142437.0
290,2021-11-29,E92000001,34906.0,47940.0,107.0,21.0,1175437.0
291,2021-11-28,E92000001,32136.0,33855.0,93.0,40.0,1109248.0
292,2021-11-27,E92000001,35798.0,28456.0,88.0,112.0,810625.0
293,2021-11-26,E92000001,42272.0,33665.0,107.0,125.0,946514.0
294,2021-11-25,E92000001,40382.0,37142.0,110.0,113.0,1099126.0
295,2021-11-24,E92000001,36511.0,39880.0,98.0,129.0,1186647.0
296,2021-11-23,E92000001,36550.0,41015.0,121.0,140.0,1004142.0
297,2021-11-22,E92000001,36478.0,42869.0,94.0,34.0,1123360.0
298,2021-11-21,E92000001,33513.0,31763.0,90.0,47.0,1082266.0
299,2021-11-20,E92000001,36339.0,29868.0,100.0,133.0,802970.0
300,2021-11-19,E92000001,37006.0,33186.0,104.0,123.0,926430.0
301,2021-11-18,E92000001,39315.0,37098.0,113.0,144.0,1043702.0
302,2021-11-17,E92000001,30638.0,38256.0,99.0,159.0,1136094.0
303,2021-11-16,E92000001,30853.0,38655.0,130.0,190.0,910011.0
304,2021-11-15,E92000001,31440.0,42478.0,137.0,29.0,1064534.0
305,2021-11-14,E92000001,29404.0,29597.0,106.0,51.0,1003100.0
306,2021-11-13,E92000001,33493.0,27356.0,110.0,141.0,740709.0
307,2021-11-12,E92000001,33155.0,31339.0,119.0,122.0,896979.0
308,2021-11-11,E92000001,35472.0,33700.0,123.0,151.0,1030310.0
309,2021-11-10,E92000001,31541.0,35390.0,119.0,170.0,1099296.0
310,2021-11-09,E92000001,27872.0,34679.0,126.0,230.0,920720.0
311,2021-11-08,E92000001,24979.0,36140.0,127.0,32.0,1059379.0
312,2021-11-07,E92000001,23779.0,25447.0,135.0,47.0,952070.0
313,2021-11-06,E92000001,26250.0,22581.0,140.0,125.0,716292.0
314,2021-11-05,E92000001,28490.0,24405.0,128.0,151.0,881464.0
315,2021-11-04,E92000001,30166.0,27378.0,120.0,152.0,999712.0
316,2021-11-03,E92000001,34317.0,29396.0,129.0,181.0,1086652.0
317,2021-11-02,E92000001,28531.0,31328.0,128.0,255.0,973047.0
318,2021-11-01,E92000001,32081.0,37663.0,137.0,13.0,1107703.0
319,2021-10-31,E92000001,31479.0,29564.0,155.0,59.0,1085805.0
320,2021-10-30,E92000001,36204.0,28243.0,133.0,138.0,775591.0
321,2021-10-29,E92000001,36853.0,33995.0,130.0,148.0,924006.0
322,2021-10-28,E92000001,33903.0,35077.0,154.0,124.0,950824.0
323,2021-10-27,E92000001,37502.0,36524.0,134.0,169.0,1012974.0
324,2021-10-26,E92000001,32280.0,35276.0,132.0,208.0,939642.0
325,2021-10-25,E92000001,33309.0,39957.0,115.0,34.0,985409.0
326,2021-10-24,E92000001,33221.0,30092.0,119.0,34.0,928230.0
327,2021-10-23,E92000001,41259.0,29747.0,132.0,125.0,812740.0
328,2021-10-22,E92000001,41745.0,34507.0,105.0,143.0,1018409.0
329,2021-10-21,E92000001,44363.0,38580.0,113.0,66.0,1118003.0
330,2021-10-20,E92000001,41498.0,43963.0,120.0,134.0,1256751.0
331,2021-10-19,E92000001,36712.0,44630.0,104.0,189.0,1033117.0
332,2021-10-18,E92000001,39473.0,49257.0,95.0,22.0,1116818.0
333,2021-10-17,E92000001,38543.0,37502.0,104.0,41.0,1108143.0
334,2021-10-16,E92000001,39624.0,31639.0,97.0,123.0,850484.0
335,2021-10-15,E92000001,37691.0,36631.0,107.0,94.0,1010860.0
336,2021-10-14,E92000001,38488.0,39263.0,110.0,110.0,1099844.0
337,2021-10-13,E92000001,36458.0,40545.0,89.0,101.0,1192435.0
338,2021-10-12,E92000001,33287.0,40892.0,87.0,147.0,1020767.0
339,2021-10-11,E92000001,32349.0,43115.0,95.0,15.0,1138688.0
340,2021-10-10,E92000001,31096.0,31499.0,70.0,34.0,1080685.0
341,2021-10-09,E92000001,31259.0,27180.0,92.0,111.0,794963.0
342,2021-10-08,E92000001,32157.0,29848.0,96.0,109.0,970036.0
343,2021-10-07,E92000001,33305.0,32158.0,93.0,71.0,1083500.0
344,2021-10-06,E92000001,33450.0,32547.0,77.0,99.0,1181653.0
345,2021-10-05,E92000001,28846.0,32268.0,87.0,140.0,996557.0
346,2021-10-04,E92000001,28251.0,36476.0,82.0,13.0,1130106.0
347,2021-10-03,E92000001,25176.0,27137.0,74.0,30.0,1135198.0
348,2021-10-02,E92000001,26794.0,21873.0,75.0,103.0,796327.0
349,2021-10-01,E92000001,28836.0,24134.0,98.0,80.0,970601.0
350,2021-09-30,E92000001,29826.0,26809.0,81.0,87.0,1135569.0
351,2021-09-29,E92000001,29036.0,28688.0,86.0,111.0,1240269.0
352,2021-09-28,E92000001,28808.0,29627.0,80.0,141.0,1005986.0
353,2021-09-27,E92000001,29329.0,34595.0,80.0,23.0,1215532.0
354,2021-09-26,E92000001,25538.0,26814.0,68.0,37.0,1240377.0
355,2021-09-25,E92000001,28087.0,23389.0,92.0,104.0,841731.0
356,2021-09-24,E92000001,28199.0,25755.0,93.0,120.0,1017910.0
357,2021-09-23,E92000001,29045.0,28340.0,105.0,131.0,1159997.0
358,2021-09-22,E92000001,27317.0,28789.0,106.0,121.0,1210637.0
359,2021-09-21,E92000001,24973.0,30547.0,94.0,174.0,1006172.0
360,2021-09-20,E92000001,26905.0,32121.0,106.0,27.0,1187163.0
361,2021-09-19,E92000001,22173.0,24789.0,90.0,34.0,1275926.0
362,2021-09-18,E92000001,22956.0,20926.0,94.0,131.0,791516.0
363,2021-09-17,E92000001,23265.0,22375.0,127.0,130.0,975221.0
364,2021-09-16,E92000001,22949.0,22319.0,114.0,123.0,1128587.0
365,2021-09-15,E92000001,22078.0,22414.0,103.0,151.0,1267608.0
366,2021-09-14,E92000001,19739.0,22640.0,119.0,152.0,1022227.0
367,2021-09-13,E92000001,21077.0,25199.0,72.0,32.0,1251163.0
368,2021-09-12,E92000001,19913.0,17879.0,107.0,42.0,1182296.0
369,2021-09-11,E92000001,23825.0,16956.0,105.0,143.0,800402.0
370,2021-09-10,E92000001,26653.0,21031.0,110.0,114.0,1228132.0
371,2021-09-09,E92000001,27049.0,24440.0,132.0,138.0,1361883.0
372,2021-09-08,E92000001,29286.0,25659.0,116.0,158.0,1401533.0
373,2021-09-07,E92000001,27545.0,27938.0,125.0,183.0,1371737.0
374,2021-09-06,E92000001,27202.0,33135.0,121.0,28.0,1644875.0
375,2021-09-05,E92000001,27022.0,23457.0,118.0,58.0,1118690.0
376,2021-09-04,E92000001,29614.0,23409.0,112.0,102.0,829337.0
377,2021-09-03,E92000001,31726.0,28727.0,126.0,96.0,1407655.0
378,2021-09-02,E92000001,28686.0,30637.0,101.0,144.0,1338434.0
379,2021-09-01,E92000001,24723.0,31600.0,98.0,184.0,1210407.0
380,2021-08-31,E92000001,20967.0,33565.0,95.0,36.0,1094260.0
381,2021-08-30,E92000001,21324.0,24972.0,91.0,42.0,818238.0
382,2021-08-29,E92000001,22501.0,19151.0,106.0,49.0,785370.0
383,2021-08-28,E92000001,25118.0,20136.0,105.0,119.0,804794.0
384,2021-08-27,E92000001,27545.0,24251.0,107.0,86.0,978849.0
385,2021-08-26,E92000001,29417.0,26482.0,105.0,121.0,1035798.0
386,2021-08-25,E92000001,27350.0,27901.0,88.0,135.0,1017309.0
387,2021-08-24,E92000001,23474.0,28212.0,104.0,152.0,861055.0
388,2021-08-23,E92000001,24158.0,30333.0,98.0,29.0,901913.0
389,2021-08-22,E92000001,25952.0,22409.0,104.0,33.0,767351.0
390,2021-08-21,E92000001,26982.0,22602.0,91.0,97.0,727022.0
391,2021-08-20,E92000001,29576.0,25555.0,101.0,92.0,854252.0
392,2021-08-19,E92000001,29762.0,29080.0,94.0,95.0,916035.0
393,2021-08-18,E92000001,28648.0,31426.0,81.0,86.0,903517.0
394,2021-08-17,E92000001,22712.0,31094.0,97.0,154.0,851596.0
395,2021-08-16,E92000001,23171.0,30860.0,76.0,20.0,865128.0
396,2021-08-15,E92000001,22859.0,21279.0,74.0,54.0,757383.0
397,2021-08-14,E92000001,26700.0,21336.0,82.0,83.0,708746.0
398,2021-08-13,E92000001,28679.0,24991.0,90.0,86.0,884042.0
399,2021-08-12,E92000001,28093.0,27690.0,93.0,81.0,920462.0
400,2021-08-11,E92000001,26647.0,29134.0,81.0,91.0,945676.0
401,2021-08-10,E92000001,20630.0,27610.0,69.0,132.0,876871.0
402,2021-08-09,E92000001,21915.0,28292.0,72.0,26.0,894093.0
403,2021-08-08,E92000001,24196.0,20157.0,67.0,35.0,792907.0
404,2021-08-07,E92000001,25877.0,19957.0,85.0,88.0,750906.0
405,2021-08-06,E92000001,28321.0,24852.0,81.0,81.0,883129.0
406,2021-08-05,E92000001,26512.0,28125.0,90.0,69.0,922176.0
407,2021-08-04,E92000001,26393.0,28895.0,71.0,101.0,942007.0
408,2021-08-03,E92000001,19012.0,27061.0,66.0,123.0,829435.0
409,2021-08-02,E92000001,19175.0,26580.0,68.0,17.0,893300.0
410,2021-08-01,E92000001,21645.0,18714.0,75.0,52.0,762949.0
411,2021-07-31,E92000001,23949.0,18449.0,78.0,54.0,754080.0
412,2021-07-30,E92000001,26241.0,22109.0,96.0,55.0,943387.0
413,2021-07-29,E92000001,27524.0,25361.0,70.0,67.0,962927.0
414,2021-07-28,E92000001,24367.0,26925.0,72.0,73.0,1004302.0
415,2021-07-27,E92000001,20290.0,26026.0,59.0,121.0,911771.0
416,2021-07-26,E92000001,22181.0,26540.0,67.0,12.0,979203.0
417,2021-07-25,E92000001,25434.0,19657.0,65.0,26.0,896484.0
418,2021-07-24,E92000001,28968.0,20276.0,66.0,74.0,844465.0
419,2021-07-23,E92000001,32792.0,24586.0,74.0,56.0,1045783.0
420,2021-07-22,E92000001,35939.0,27711.0,66.0,58.0,1128316.0
421,2021-07-21,E92000001,39504.0,31676.0,45.0,63.0,1165859.0
422,2021-07-20,E92000001,43261.0,35948.0,49.0,82.0,1006564.0
423,2021-07-19,E92000001,34657.0,43401.0,70.0,15.0,1248728.0
424,2021-07-18,E92000001,44777.0,33163.0,57.0,21.0,1197152.0
425,2021-07-17,E92000001,50955.0,35280.0,44.0,35.0,871208.0
426,2021-07-16,E92000001,47360.0,51137.0,41.0,42.0,1075034.0
427,2021-07-15,E92000001,44523.0,57583.0,44.0,44.0,1293689.0
428,2021-07-14,E92000001,37895.0,50319.0,33.0,36.0,1348938.0
429,2021-07-13,E92000001,32883.0,43246.0,38.0,45.0,1041482.0
430,2021-07-12,E92000001,30619.0,40478.0,34.0,6.0,1263024.0
431,2021-07-11,E92000001,28421.0,27418.0,27.0,25.0,1251697.0
432,2021-07-10,E92000001,29732.0,25411.0,33.0,26.0,824553.0
433,2021-07-09,E92000001,31231.0,29049.0,39.0,22.0,998641.0
434,2021-07-08,E92000001,28421.0,29925.0,30.0,31.0,1190203.0
435,2021-07-07,E92000001,27516.0,34274.0,23.0,28.0,1354697.0
436,2021-07-06,E92000001,25295.0,31627.0,19.0,30.0,1077014.0
437,2021-07-05,E92000001,23286.0,30215.0,24.0,7.0,1332525.0
438,2021-07-04,E92000001,20454.0,21806.0,23.0,15.0,1376856.0
439,2021-07-03,E92000001,21317.0,20638.0,24.0,15.0,738080.0
440,2021-07-02,E92000001,22393.0,22288.0,26.0,22.0,942619.0
441,2021-07-01,E92000001,22948.0,24267.0,22.0,16.0,1203095.0
442,2021-06-30,E92000001,21293.0,23941.0,21.0,11.0,1372608.0
443,2021-06-29,E92000001,16802.0,23250.0,21.0,22.0,972175.0
444,2021-06-28,E92000001,18702.0,23511.0,10.0,3.0,1236140.0
445,2021-06-27,E92000001,11560.0,15407.0,19.0,9.0,1338091.0
446,2021-06-26,E92000001,15136.0,13486.0,9.0,20.0,666246.0
447,2021-06-25,E92000001,13498.0,14901.0,21.0,15.0,897504.0
448,2021-06-24,E92000001,13068.0,15082.0,20.0,16.0,1133925.0
449,2021-06-23,E92000001,12765.0,14805.0,6.0,13.0,1263979.0
450,2021-06-22,E92000001,9096.0,13564.0,9.0,23.0,896462.0
451,2021-06-21,E92000001,8766.0,12706.0,13.0,5.0,1158377.0
452,2021-06-20,E92000001,7778.0,8204.0,22.0,6.0,1277579.0
453,2021-06-19,E92000001,8954.0,7126.0,19.0,12.0,632707.0
454,2021-06-18,E92000001,9185.0,8772.0,10.0,9.0,832852.0
455,2021-06-17,E92000001,9371.0,9523.0,5.0,15.0,1099195.0
456,2021-06-16,E92000001,7642.0,9411.0,12.0,8.0,1206280.0
457,2021-06-15,E92000001,6486.0,9149.0,15.0,8.0,840166.0
458,2021-06-14,E92000001,6647.0,8941.0,10.0,3.0,1068346.0
459,2021-06-13,E92000001,6269.0,6075.0,8.0,7.0,1182008.0
460,2021-06-12,E92000001,6601.0,5422.0,14.0,10.0,575775.0
461,2021-06-11,E92000001,6782.0,6510.0,6.0,16.0,793457.0
462,2021-06-10,E92000001,6436.0,6717.0,11.0,5.0,1020307.0
463,2021-06-09,E92000001,6201.0,6919.0,6.0,5.0,1179174.0
464,2021-06-08,E92000001,5250.0,6630.0,9.0,13.0,780960.0
465,2021-06-07,E92000001,4913.0,6790.0,5.0,0.0,1060541.0
466,2021-06-06,E92000001,4405.0,4729.0,7.0,4.0,1358763.0
467,2021-06-05,E92000001,4810.0,3964.0,6.0,12.0,528774.0
468,2021-06-04,E92000001,5102.0,4885.0,11.0,9.0,717803.0
469,2021-06-03,E92000001,4310.0,5129.0,10.0,13.0,868514.0
470,2021-06-02,E92000001,3486.0,5039.0,12.0,11.0,938652.0
471,2021-06-01,E92000001,2539.0,4515.0,3.0,0.0,760417.0
472,2021-05-31,E92000001,2854.0,3170.0,8.0,0.0,704593.0
473,2021-05-30,E92000001,2621.0,2598.0,8.0,6.0,694637.0
474,2021-05-29,E92000001,2747.0,2462.0,7.0,6.0,527010.0
475,2021-05-28,E92000001,3434.0,2929.0,6.0,8.0,731914.0
476,2021-05-27,E92000001,2936.0,3075.0,8.0,8.0,1048357.0
477,2021-05-26,E92000001,2540.0,3178.0,12.0,8.0,1254355.0
478,2021-05-25,E92000001,2081.0,2797.0,6.0,13.0,821296.0
479,2021-05-24,E92000001,1972.0,2749.0,8.0,3.0,1064191.0
480,2021-05-23,E92000001,1734.0,1918.0,8.0,3.0,1300187.0
481,2021-05-22,E92000001,2242.0,1606.0,3.0,6.0,533204.0
482,2021-05-21,E92000001,2303.0,1870.0,9.0,6.0,753117.0
483,2021-05-20,E92000001,2307.0,2000.0,6.0,6.0,1043649.0
484,2021-05-19,E92000001,2151.0,2260.0,3.0,3.0,1282241.0
485,2021-05-18,E92000001,2008.0,2241.0,3.0,5.0,779736.0
486,2021-05-17,E92000001,1645.0,2341.0,7.0,3.0,1078691.0
487,2021-05-16,E92000001,1471.0,1586.0,7.0,3.0,1281841.0
488,2021-05-15,E92000001,1614.0,1304.0,8.0,7.0,486099.0
489,2021-05-14,E92000001,1828.0,1538.0,3.0,15.0,706979.0
490,2021-05-13,E92000001,2229.0,1737.0,6.0,8.0,1041751.0
491,2021-05-12,E92000001,1804.0,1868.0,10.0,11.0,1275692.0
492,2021-05-11,E92000001,2117.0,1871.0,14.0,18.0,744861.0
493,2021-05-10,E92000001,2009.0,2324.0,10.0,0.0,1062142.0
494,2021-05-09,E92000001,1418.0,1985.0,8.0,2.0,1460318.0
495,2021-05-08,E92000001,1742.0,1300.0,10.0,5.0,493269.0
496,2021-05-07,E92000001,2142.0,1656.0,10.0,13.0,724273.0
497,2021-05-06,E92000001,2194.0,1966.0,7.0,12.0,1087743.0
498,2021-05-05,E92000001,1906.0,2203.0,13.0,27.0,1306620.0
499,2021-05-04,E92000001,1659.0,2198.0,9.0,3.0,942443.0
500,2021-05-03,E92000001,1453.0,1806.0,9.0,1.0,1214387.0
501,2021-05-02,E92000001,1377.0,1305.0,12.0,13.0,950772.0
502,2021-05-01,E92000001,1642.0,1209.0,8.0,6.0,495191.0
503,2021-04-30,E92000001,2046.0,1528.0,12.0,14.0,678050.0
504,2021-04-29,E92000001,2103.0,1901.0,13.0,15.0,1111688.0
505,2021-04-28,E92000001,1829.0,2153.0,15.0,27.0,1463863.0
506,2021-04-27,E92000001,2410.0,1808.0,13.0,16.0,773484.0
507,2021-04-26,E92000001,1752.0,2268.0,11.0,3.0,1146102.0
508,2021-04-25,E92000001,1401.0,1897.0,12.0,7.0,1613752.0
509,2021-04-24,E92000001,1804.0,1300.0,7.0,27.0,511131.0
510,2021-04-23,E92000001,2277.0,1701.0,19.0,38.0,740629.0
511,2021-04-22,E92000001,2315.0,2032.0,15.0,11.0,1160055.0
512,2021-04-21,E92000001,1943.0,2299.0,17.0,20.0,1488493.0
513,2021-04-20,E92000001,2169.0,2112.0,17.0,28.0,769316.0
514,2021-04-19,E92000001,2550.0,2268.0,16.0,2.0,1151534.0
515,2021-04-18,E92000001,1495.0,2281.0,16.0,7.0,1844964.0
516,2021-04-17,E92000001,1897.0,1398.0,21.0,31.0,516025.0
517,2021-04-16,E92000001,2225.0,1963.0,17.0,30.0,720971.0
518,2021-04-15,E92000001,2171.0,1959.0,18.0,25.0,1056350.0
519,2021-04-14,E92000001,2054.0,2068.0,10.0,34.0,1264052.0
520,2021-04-13,E92000001,2070.0,2060.0,20.0,18.0,728387.0
521,2021-04-12,E92000001,3222.0,2398.0,27.0,13.0,986878.0
522,2021-04-11,E92000001,1338.0,2020.0,21.0,3.0,1339609.0
523,2021-04-10,E92000001,2032.0,2009.0,19.0,33.0,488423.0
524,2021-04-09,E92000001,2638.0,2481.0,21.0,51.0,701106.0
525,2021-04-08,E92000001,2486.0,2651.0,31.0,44.0,967840.0
526,2021-04-07,E92000001,2304.0,2752.0,24.0,40.0,1121301.0
527,2021-04-06,E92000001,1937.0,2755.0,23.0,15.0,698127.0
528,2021-04-05,E92000001,2236.0,2314.0,12.0,16.0,830099.0
529,2021-04-04,E92000001,1954.0,2043.0,25.0,10.0,925002.0
530,2021-04-03,E92000001,2847.0,2119.0,27.0,8.0,417600.0
531,2021-04-02,E92000001,2881.0,2248.0,23.0,47.0,546634.0
532,2021-04-01,E92000001,3784.0,3067.0,29.0,41.0,989692.0
533,2021-03-31,E92000001,3327.0,3341.0,37.0,36.0,1341575.0
534,2021-03-30,E92000001,3384.0,3135.0,38.0,39.0,579532.0
535,2021-03-29,E92000001,4112.0,3422.0,28.0,22.0,553903.0
536,2021-03-28,E92000001,3153.0,4476.0,27.0,17.0,2338468.0
537,2021-03-27,E92000001,3813.0,3136.0,32.0,43.0,462404.0
538,2021-03-26,E92000001,5273.0,3803.0,41.0,61.0,732842.0
539,2021-03-25,E92000001,5286.0,4674.0,38.0,49.0,1275304.0
540,2021-03-24,E92000001,4615.0,5321.0,36.0,92.0,1905267.0
541,2021-03-23,E92000001,4583.0,4563.0,48.0,103.0,866601.0
542,2021-03-22,E92000001,4746.0,5399.0,60.0,16.0,1279195.0
543,2021-03-21,E92000001,4459.0,4677.0,71.0,26.0,1984090.0
544,2021-03-20,E92000001,4732.0,3513.0,59.0,82.0,458588.0
545,2021-03-19,E92000001,3809.0,4329.0,56.0,81.0,954936.0
546,2021-03-18,E92000001,5213.0,4680.0,52.0,83.0,1487868.0
547,2021-03-17,E92000001,4827.0,5046.0,67.0,121.0,1709145.0
548,2021-03-16,E92000001,4391.0,4919.0,69.0,101.0,1383814.0
549,2021-03-15,E92000001,4264.0,5638.0,89.0,61.0,1697243.0
550,2021-03-14,E92000001,3774.0,3707.0,83.0,40.0,1004200.0
551,2021-03-13,E92000001,4539.0,3590.0,98.0,106.0,415361.0
552,2021-03-12,E92000001,5529.0,4766.0,84.0,145.0,1469551.0
553,2021-03-11,E92000001,5744.0,4848.0,110.0,138.0,1682267.0
554,2021-03-10,E92000001,4863.0,5223.0,99.0,156.0,1612573.0
555,2021-03-09,E92000001,4894.0,5488.0,118.0,207.0,1465804.0
556,2021-03-08,E92000001,3903.0,5818.0,122.0,62.0,1644036.0
557,2021-03-07,E92000001,4497.0,3677.0,115.0,61.0,827798.0
558,2021-03-06,E92000001,5118.0,3832.0,129.0,135.0,420601.0
559,2021-03-05,E92000001,5053.0,4728.0,156.0,211.0,982393.0
560,2021-03-04,E92000001,5643.0,5011.0,130.0,202.0,999799.0
561,2021-03-03,E92000001,5408.0,5305.0,126.0,264.0,852941.0
562,2021-03-02,E92000001,5530.0,5951.0,158.0,307.0,686376.0
563,2021-03-01,E92000001,4738.0,6215.0,192.0,99.0,772345.0
564,2021-02-28,E92000001,5080.0,4112.0,201.0,115.0,533962.0
565,2021-02-27,E92000001,6527.0,4254.0,197.0,254.0,344978.0
566,2021-02-26,E92000001,7393.0,5884.0,197.0,300.0,585467.0
567,2021-02-25,E92000001,8623.0,6935.0,222.0,266.0,712387.0
568,2021-02-24,E92000001,8644.0,7620.0,241.0,380.0,723526.0
569,2021-02-23,E92000001,7292.0,8536.0,258.0,483.0,579110.0
570,2021-02-22,E92000001,9420.0,10278.0,242.0,165.0,704734.0
571,2021-02-21,E92000001,8408.0,7032.0,287.0,190.0,579386.0
572,2021-02-20,E92000001,8964.0,7161.0,304.0,397.0,367653.0
573,2021-02-19,E92000001,10296.0,9246.0,316.0,481.0,492187.0
574,2021-02-18,E92000001,10740.0,10304.0,369.0,377.0,533867.0
575,2021-02-17,E92000001,10926.0,10419.0,386.0,638.0,537759.0
576,2021-02-16,E92000001,9236.0,11270.0,397.0,733.0,478282.0
577,2021-02-15,E92000001,8609.0,12953.0,462.0,210.0,476854.0
578,2021-02-14,E92000001,9499.0,7780.0,440.0,228.0,394588.0
579,2021-02-13,E92000001,11697.0,8025.0,435.0,544.0,366696.0
580,2021-02-12,E92000001,13299.0,10986.0,460.0,657.0,603528.0
581,2021-02-11,E92000001,12001.0,11637.0,513.0,594.0,716734.0
582,2021-02-10,E92000001,11551.0,12272.0,545.0,926.0,754379.0
583,2021-02-09,E92000001,10916.0,12696.0,542.0,974.0,567703.0
584,2021-02-08,E92000001,12270.0,14370.0,614.0,304.0,665458.0
585,2021-02-07,E92000001,14466.0,10457.0,569.0,329.0,579148.0
586,2021-02-06,E92000001,16302.0,10951.0,613.0,724.0,416508.0
587,2021-02-05,E92000001,17314.0,14462.0,680.0,892.0,640103.0
588,2021-02-04,E92000001,18529.0,16717.0,654.0,817.0,751117.0
589,2021-02-03,E92000001,17265.0,17948.0,786.0,1173.0,775935.0
590,2021-02-02,E92000001,15021.0,18194.0,764.0,1356.0,591206.0
591,2021-02-01,E92000001,16815.0,20765.0,812.0,368.0,676285.0
592,2021-01-31,E92000001,19054.0,14138.0,812.0,528.0,555073.0
593,2021-01-30,E92000001,21089.0,15524.0,833.0,1098.0,393679.0
594,2021-01-29,E92000001,26709.0,20362.0,947.0,1124.0,624570.0
595,2021-01-28,E92000001,26182.0,22523.0,1021.0,1088.0,727330.0
596,2021-01-27,E92000001,22914.0,23899.0,1014.0,1568.0,730957.0
597,2021-01-26,E92000001,17920.0,25210.0,969.0,1520.0,567637.0
598,2021-01-25,E92000001,20149.0,27972.0,1077.0,548.0,571135.0
599,2021-01-24,E92000001,27580.0,15883.0,1042.0,551.0,383996.0
600,2021-01-23,E92000001,30496.0,20426.0,1070.0,1233.0,416870.0
601,2021-01-22,E92000001,37115.0,27741.0,1127.0,1251.0,596712.0
602,2021-01-21,E92000001,34371.0,29633.0,1139.0,1134.0,615988.0
603,2021-01-20,E92000001,35061.0,32679.0,1179.0,1662.0,589935.0
604,2021-01-19,E92000001,30371.0,37056.0,1255.0,1507.0,545253.0
605,2021-01-18,E92000001,34134.0,41936.0,1173.0,560.0,575072.0
606,2021-01-17,E92000001,35263.0,26976.0,1174.0,598.0,389397.0
607,2021-01-16,E92000001,37759.0,28412.0,1175.0,1140.0,428205.0
608,2021-01-15,E92000001,50741.0,37878.0,1105.0,1139.0,559689.0
609,2021-01-14,E92000001,44358.0,39659.0,1094.0,1114.0,617982.0
610,2021-01-13,E92000001,42898.0,42303.0,1106.0,1400.0,567050.0
611,2021-01-12,E92000001,41121.0,45968.0,1095.0,1151.0,535593.0
612,2021-01-11,E92000001,41835.0,53519.0,1007.0,495.0,560979.0
613,2021-01-10,E92000001,50291.0,33749.0,984.0,498.0,427962.0
614,2021-01-09,E92000001,54257.0,36419.0,931.0,871.0,507798.0
615,2021-01-08,E92000001,61757.0,43494.0,892.0,1156.0,625473.0
616,2021-01-07,E92000001,46841.0,48132.0,891.0,1004.0,564687.0
617,2021-01-06,E92000001,56060.0,52752.0,829.0,884.0,526854.0
618,2021-01-05,E92000001,54940.0,59599.0,823.0,784.0,454976.0
619,2021-01-04,E92000001,53180.0,70920.0,759.0,370.0,470236.0
620,2021-01-03,E92000001,46853.0,50664.0,656.0,392.0,399159.0
621,2021-01-02,E92000001,49248.0,55428.0,672.0,349.0,401453.0
622,2021-01-01,E92000001,50746.0,28879.0,645.0,613.0,366758.0
623,2020-12-31,E92000001,49510.0,47823.0,653.0,820.0,451752.0
624,2020-12-30,E92000001,43554.0,64243.0,629.0,919.0,369225.0
625,2020-12-29,E92000001,47164.0,74058.0,580.0,360.0,346175.0
626,2020-12-28,E92000001,36511.0,40846.0,594.0,322.0,324357.0
627,2020-12-27,E92000001,25619.0,43250.0,585.0,246.0,324870.0
628,2020-12-26,E92000001,31307.0,37462.0,572.0,175.0,251693.0
629,2020-12-25,E92000001,31560.0,12926.0,541.0,570.0,285924.0
630,2020-12-24,E92000001,35561.0,29287.0,490.0,468.0,412643.0
631,2020-12-23,E92000001,34247.0,38383.0,483.0,625.0,443563.0
632,2020-12-22,E92000001,32288.0,41741.0,491.0,608.0,427200.0
633,2020-12-21,E92000001,28742.0,43446.0,498.0,198.0,408875.0
634,2020-12-20,E92000001,32155.0,29556.0,430.0,241.0,359583.0
635,2020-12-19,E92000001,22775.0,22196.0,415.0,441.0,385980.0
636,2020-12-18,E92000001,24452.0,32426.0,436.0,403.0,359035.0
637,2020-12-17,E92000001,22401.0,30160.0,441.0,438.0,328421.0
638,2020-12-16,E92000001,23432.0,30650.0,354.0,537.0,310344.0
639,2020-12-15,E92000001,16504.0,29652.0,391.0,467.0,263660.0
640,2020-12-14,E92000001,17882.0,30019.0,415.0,194.0,281171.0
641,2020-12-13,E92000001,17164.0,18409.0,368.0,138.0,254985.0
642,2020-12-12,E92000001,17468.0,16268.0,378.0,440.0,290768.0
643,2020-12-11,E92000001,17899.0,20177.0,400.0,353.0,342033.0
644,2020-12-10,E92000001,17622.0,18850.0,380.0,419.0,337568.0
645,2020-12-09,E92000001,12960.0,17744.0,376.0,451.0,301986.0
646,2020-12-08,E92000001,10459.0,16937.0,376.0,538.0,267979.0
647,2020-12-07,E92000001,11623.0,17663.0,360.0,177.0,222978.0
648,2020-12-06,E92000001,14294.0,11036.0,357.0,201.0,230209.0
649,2020-12-05,E92000001,12666.0,10302.0,345.0,344.0,292308.0
650,2020-12-04,E92000001,13412.0,13065.0,414.0,424.0,321525.0
651,2020-12-03,E92000001,11992.0,12762.0,408.0,328.0,323307.0
652,2020-12-02,E92000001,13323.0,13662.0,337.0,555.0,290154.0
653,2020-12-01,E92000001,11618.0,13731.0,347.0,531.0,274296.0
654,2020-11-30,E92000001,10869.0,15227.0,365.0,189.0,222860.0
655,2020-11-29,E92000001,10054.0,9067.0,404.0,194.0,200618.0
656,2020-11-28,E92000001,13323.0,9347.0,387.0,397.0,251886.0
657,2020-11-27,E92000001,13557.0,12460.0,369.0,451.0,292789.0
658,2020-11-26,E92000001,14637.0,12459.0,374.0,411.0,311132.0
659,2020-11-25,E92000001,15893.0,14154.0,429.0,604.0,296912.0
660,2020-11-24,E92000001,9854.0,14264.0,410.0,535.0,257096.0
661,2020-11-23,E92000001,13329.0,16472.0,401.0,194.0,214331.0
662,2020-11-22,E92000001,16668.0,10216.0,410.0,370.0,213078.0
663,2020-11-21,E92000001,17615.0,10806.0,401.0,266.0,295690.0
664,2020-11-20,E92000001,17845.0,14960.0,394.0,436.0,344545.0
665,2020-11-19,E92000001,20291.0,15797.0,401.0,416.0,313260.0
666,2020-11-18,E92000001,17189.0,18549.0,441.0,423.0,284456.0
667,2020-11-17,E92000001,17549.0,20676.0,368.0,518.0,259475.0
668,2020-11-16,E92000001,19423.0,24135.0,360.0,191.0,227834.0
669,2020-11-15,E92000001,21998.0,14421.0,385.0,143.0,239060.0
670,2020-11-14,E92000001,24298.0,16290.0,365.0,396.0,292092.0
671,2020-11-13,E92000001,24540.0,22009.0,360.0,280.0,333709.0
672,2020-11-12,E92000001,30843.0,22320.0,353.0,469.0,316660.0
673,2020-11-11,E92000001,19970.0,25065.0,313.0,478.0,315165.0
674,2020-11-10,E92000001,18622.0,24836.0,320.0,460.0,268204.0
675,2020-11-09,E92000001,19036.0,28561.0,406.0,175.0,239034.0
676,2020-11-08,E92000001,18293.0,18273.0,345.0,127.0,243532.0
677,2020-11-07,E92000001,21875.0,16888.0,336.0,328.0,294928.0
678,2020-11-06,E92000001,20268.0,21180.0,334.0,303.0,314505.0
679,2020-11-05,E92000001,21137.0,21205.0,304.0,297.0,291360.0
680,2020-11-04,E92000001,21863.0,21053.0,278.0,388.0,258861.0
681,2020-11-03,E92000001,17330.0,22690.0,293.0,359.0,269277.0
682,2020-11-02,E92000001,15860.0,28394.0,291.0,125.0,257198.0
683,2020-11-01,E92000001,20602.0,13611.0,288.0,132.0,239757.0
684,2020-10-31,E92000001,18864.0,14565.0,283.0,278.0,255617.0
685,2020-10-30,E92000001,20821.0,19899.0,282.0,226.0,287341.0
686,2020-10-29,E92000001,19740.0,20257.0,250.0,214.0,306910.0
687,2020-10-28,E92000001,21245.0,20547.0,238.0,236.0,254752.0
688,2020-10-27,E92000001,19629.0,20761.0,220.0,322.0,236552.0
689,2020-10-26,E92000001,17883.0,23033.0,226.0,90.0,231451.0
690,2020-10-25,E92000001,16487.0,13354.0,207.0,137.0,244517.0
691,2020-10-24,E92000001,19332.0,13713.0,171.0,141.0,233641.0
692,2020-10-23,E92000001,17116.0,18359.0,189.0,188.0,282145.0
693,2020-10-22,E92000001,17354.0,19866.0,187.0,160.0,285309.0
694,2020-10-21,E92000001,22948.0,21762.0,191.0,144.0,258846.0
695,2020-10-20,E92000001,17814.0,21638.0,174.0,213.0,254582.0
696,2020-10-19,E92000001,16365.0,22369.0,159.0,72.0,250691.0
697,2020-10-18,E92000001,14704.0,11982.0,121.0,59.0,248653.0
698,2020-10-17,E92000001,13299.0,12487.0,162.0,128.0,244217.0
699,2020-10-16,E92000001,12176.0,14761.0,122.0,120.0,289222.0
700,2020-10-15,E92000001,16139.0,15429.0,124.0,111.0,258163.0
701,2020-10-14,E92000001,16132.0,16646.0,102.0,108.0,249730.0
702,2020-10-13,E92000001,14310.0,15660.0,87.0,124.0,228862.0
703,2020-10-12,E92000001,11647.0,16420.0,97.0,43.0,238167.0
704,2020-10-11,E92000001,10383.0,9781.0,104.0,62.0,206819.0
705,2020-10-10,E92000001,12628.0,10301.0,91.0,54.0,207006.0
706,2020-10-09,E92000001,10772.0,13159.0,68.0,79.0,245827.0
707,2020-10-08,E92000001,14952.0,15452.0,78.0,70.0,223421.0
708,2020-10-07,E92000001,11528.0,15418.0,81.0,65.0,226848.0
709,2020-10-06,E92000001,12648.0,14458.0,62.0,63.0,218326.0
710,2020-10-05,E92000001,10685.0,14218.0,59.0,19.0,238391.0
711,2020-10-04,E92000001,21309.0,9966.0,54.0,32.0,189012.0
712,2020-10-03,E92000001,10806.0,9820.0,55.0,39.0,209806.0
713,2020-10-02,E92000001,4797.0,11719.0,65.0,58.0,215848.0
714,2020-10-01,E92000001,5589.0,11444.0,56.0,48.0,210923.0
715,2020-09-30,E92000001,5656.0,10663.0,48.0,62.0,211426.0
716,2020-09-29,E92000001,5651.0,8832.0,43.0,68.0,206204.0
717,2020-09-28,E92000001,3316.0,8641.0,47.0,13.0,212412.0
718,2020-09-27,E92000001,4800.0,6084.0,44.0,16.0,188051.0
719,2020-09-26,E92000001,4639.0,5704.0,36.0,30.0,189544.0
720,2020-09-25,E92000001,5723.0,6105.0,30.0,31.0,225565.0
721,2020-09-24,E92000001,5632.0,6361.0,33.0,37.0,213163.0
722,2020-09-23,E92000001,5083.0,5933.0,52.0,33.0,212026.0
723,2020-09-22,E92000001,4187.0,5400.0,35.0,36.0,210638.0
724,2020-09-21,E92000001,3754.0,4727.0,24.0,9.0,201976.0
725,2020-09-20,E92000001,3279.0,4652.0,28.0,18.0,180347.0
726,2020-09-19,E92000001,3638.0,4215.0,19.0,22.0,199401.0
727,2020-09-18,E92000001,3771.0,4290.0,21.0,23.0,219572.0
728,2020-09-17,E92000001,2788.0,3979.0,25.0,18.0,195487.0
729,2020-09-16,E92000001,3396.0,3778.0,23.0,17.0,216397.0
730,2020-09-15,E92000001,2649.0,3057.0,15.0,25.0,216375.0
731,2020-09-14,E92000001,2259.0,2941.0,17.0,7.0,214212.0
732,2020-09-13,E92000001,2837.0,1722.0,15.0,5.0,171875.0
733,2020-09-12,E92000001,3008.0,2224.0,18.0,9.0,176481.0
734,2020-09-11,E92000001,3143.0,2893.0,10.0,6.0,206136.0
735,2020-09-10,E92000001,2578.0,3143.0,12.0,13.0,196670.0
736,2020-09-09,E92000001,2286.0,2893.0,10.0,8.0,187395.0
737,2020-09-08,E92000001,2094.0,3071.0,10.0,27.0,182990.0
738,2020-09-07,E92000001,2528.0,3530.0,13.0,2.0,180199.0
739,2020-09-06,E92000001,2576.0,2079.0,9.0,2.0,146302.0
740,2020-09-05,E92000001,1477.0,2200.0,12.0,11.0,130238.0
741,2020-09-04,E92000001,1669.0,2637.0,8.0,9.0,167783.0
742,2020-09-03,E92000001,1507.0,2716.0,6.0,11.0,151434.0
743,2020-09-02,E92000001,1239.0,2696.0,10.0,7.0,169017.0
744,2020-09-01,E92000001,1041.0,1962.0,4.0,2.0,160914.0
745,2020-08-31,E92000001,1149.0,1279.0,8.0,2.0,133756.0
746,2020-08-30,E92000001,1487.0,987.0,6.0,1.0,130384.0
747,2020-08-29,E92000001,891.0,1051.0,5.0,12.0,124797.0
748,2020-08-28,E92000001,1106.0,1395.0,9.0,9.0,144011.0
749,2020-08-27,E92000001,1350.0,1356.0,9.0,10.0,153509.0
750,2020-08-26,E92000001,875.0,1181.0,11.0,13.0,152318.0
751,2020-08-25,E92000001,1065.0,1085.0,12.0,16.0,148252.0
752,2020-08-24,E92000001,758.0,1157.0,5.0,3.0,166213.0
753,2020-08-23,E92000001,938.0,704.0,15.0,4.0,131106.0
754,2020-08-22,E92000001,1060.0,732.0,7.0,17.0,136968.0
755,2020-08-21,E92000001,908.0,1031.0,7.0,2.0,157860.0
756,2020-08-20,E92000001,1035.0,1254.0,8.0,6.0,151543.0
757,2020-08-19,E92000001,707.0,1109.0,3.0,15.0,150360.0
758,2020-08-18,E92000001,975.0,955.0,7.0,11.0,126967.0
759,2020-08-17,E92000001,634.0,1159.0,12.0,3.0,127422.0
760,2020-08-16,E92000001,952.0,534.0,4.0,3.0,132461.0
761,2020-08-15,E92000001,934.0,656.0,12.0,2.0,137479.0
762,2020-08-14,E92000001,1284.0,1059.0,6.0,10.0,142219.0
763,2020-08-13,E92000001,1059.0,1036.0,7.0,18.0,124798.0
764,2020-08-12,E92000001,925.0,1126.0,7.0,15.0,133657.0
765,2020-08-11,E92000001,1035.0,1247.0,10.0,11.0,130528.0
766,2020-08-10,E92000001,699.0,1375.0,11.0,17.0,126286.0
767,2020-08-09,E92000001,988.0,569.0,9.0,5.0,118139.0
768,2020-08-08,E92000001,679.0,648.0,11.0,2.0,111394.0
769,2020-08-07,E92000001,796.0,892.0,8.0,5.0,127852.0
770,2020-08-06,E92000001,826.0,1005.0,9.0,15.0,126481.0
771,2020-08-05,E92000001,804.0,974.0,3.0,12.0,121852.0
772,2020-08-04,E92000001,617.0,965.0,10.0,17.0,122678.0
773,2020-08-03,E92000001,856.0,963.0,15.0,1.0,117588.0
774,2020-08-02,E92000001,676.0,518.0,8.0,2.0,101118.0
775,2020-08-01,E92000001,722.0,508.0,9.0,11.0,103346.0
776,2020-07-31,E92000001,814.0,644.0,10.0,14.0,124319.0
777,2020-07-30,E92000001,812.0,879.0,8.0,0.0,121199.0
778,2020-07-29,E92000001,700.0,994.0,8.0,29.0,112469.0
779,2020-07-28,E92000001,547.0,796.0,10.0,21.0,110496.0
780,2020-07-27,E92000001,616.0,824.0,12.0,3.0,82117.0
781,2020-07-26,E92000001,721.0,518.0,15.0,7.0,81266.0
782,2020-07-25,E92000001,710.0,499.0,14.0,15.0,105691.0
783,2020-07-24,E92000001,688.0,720.0,6.0,32.0,124630.0
784,2020-07-23,E92000001,702.0,741.0,16.0,9.0,106285.0
785,2020-07-22,E92000001,519.0,764.0,17.0,16.0,97502.0
786,2020-07-21,E92000001,399.0,697.0,20.0,25.0,101019.0
787,2020-07-20,E92000001,535.0,769.0,12.0,10.0,76859.0
788,2020-07-19,E92000001,672.0,419.0,14.0,10.0,78758.0
789,2020-07-18,E92000001,796.0,473.0,15.0,9.0,107232.0
790,2020-07-17,E92000001,635.0,548.0,18.0,25.0,131838.0
791,2020-07-16,E92000001,597.0,644.0,12.0,23.0,126865.0
792,2020-07-15,E92000001,506.0,726.0,20.0,24.0,106914.0
793,2020-07-14,E92000001,372.0,661.0,20.0,42.0,94709.0
794,2020-07-13,E92000001,497.0,694.0,24.0,8.0,74304.0
795,2020-07-12,E92000001,615.0,351.0,13.0,9.0,70181.0
796,2020-07-11,E92000001,806.0,433.0,20.0,16.0,90006.0
797,2020-07-10,E92000001,480.0,524.0,23.0,34.0,113112.0
798,2020-07-09,E92000001,617.0,688.0,35.0,29.0,103068.0
799,2020-07-08,E92000001,606.0,682.0,23.0,52.0,94175.0
800,2020-07-07,E92000001,572.0,565.0,26.0,50.0,84607.0
801,2020-07-06,E92000001,331.0,664.0,35.0,11.0,61151.0
802,2020-07-05,E92000001,492.0,544.0,25.0,18.0,54536.0
803,2020-07-04,E92000001,579.0,385.0,31.0,27.0,70694.0
804,2020-07-03,E92000001,502.0,536.0,27.0,45.0,90269.0
805,2020-07-02,E92000001,523.0,561.0,40.0,31.0,82700.0
806,2020-07-01,E92000001,177.0,607.0,21.0,90.0,83259.0
807,2020-06-30,E92000001,196.0,578.0,43.0,47.0,78095.0
808,2020-06-29,E92000001,99.0,666.0,34.0,17.0,60068.0
809,2020-06-28,E92000001,142.0,413.0,42.0,28.0,46908.0
810,2020-06-27,E92000001,192.0,506.0,41.0,34.0,56640.0
811,2020-06-26,E92000001,175.0,640.0,38.0,76.0,64457.0
812,2020-06-25,E92000001,261.0,643.0,58.0,91.0,62639.0
813,2020-06-24,E92000001,107.0,732.0,67.0,74.0,63748.0
814,2020-06-23,E92000001,210.0,727.0,62.0,84.0,65306.0
815,2020-06-22,E92000001,178.0,821.0,58.0,13.0,52009.0
816,2020-06-21,E92000001,215.0,550.0,47.0,30.0,41492.0
817,2020-06-20,E92000001,324.0,626.0,54.0,67.0,53464.0
818,2020-06-19,E92000001,323.0,818.0,47.0,73.0,67611.0
819,2020-06-18,E92000001,281.0,938.0,57.0,60.0,64173.0
820,2020-06-17,E92000001,252.0,914.0,54.0,90.0,63369.0
821,2020-06-16,E92000001,252.0,996.0,70.0,106.0,63788.0
822,2020-06-15,E92000001,219.0,944.0,62.0,25.0,63259.0
823,2020-06-14,E92000001,292.0,752.0,76.0,23.0,48597.0
824,2020-06-13,E92000001,372.0,785.0,52.0,94.0,66267.0
825,2020-06-12,E92000001,392.0,938.0,73.0,117.0,74856.0
826,2020-06-11,E92000001,304.0,915.0,72.0,64.0,72586.0
827,2020-06-10,E92000001,63.0,1086.0,98.0,143.0,73947.0
828,2020-06-09,E92000001,651.0,1066.0,85.0,179.0,72437.0
829,2020-06-08,E92000001,92.0,990.0,112.0,44.0,59584.0
830,2020-06-07,E92000001,228.0,668.0,113.0,49.0,59321.0
831,2020-06-06,E92000001,422.0,723.0,99.0,126.0,63993.0
832,2020-06-05,E92000001,451.0,1020.0,109.0,239.0,76323.0
833,2020-06-04,E92000001,431.0,1147.0,121.0,112.0,70797.0
834,2020-06-03,E92000001,462.0,1251.0,138.0,218.0,74074.0
835,2020-06-02,E92000001,444.0,1365.0,155.0,228.0,68696.0
836,2020-06-01,E92000001,294.0,1319.0,121.0,79.0,57436.0
837,2020-05-31,E92000001,320.0,984.0,113.0,39.0,51101.0
838,2020-05-30,E92000001,715.0,1010.0,145.0,117.0,61155.0
839,2020-05-29,E92000001,560.0,1374.0,163.0,246.0,69995.0
840,2020-05-28,E92000001,519.0,1575.0,182.0,315.0,65511.0
841,2020-05-27,E92000001,609.0,1616.0,172.0,396.0,53604.0
842,2020-05-26,E92000001,492.0,1461.0,189.0,105.0,53835.0
843,2020-05-25,E92000001,494.0,1389.0,175.0,86.0,50945.0
844,2020-05-24,E92000001,584.0,1206.0,170.0,362.0,45424.0
845,2020-05-23,E92000001,979.0,1309.0,200.0,197.0,52854.0
846,2020-05-22,E92000001,1083.0,1798.0,195.0,257.0,65304.0
847,2020-05-21,E92000001,854.0,2277.0,202.0,220.0,73533.0
848,2020-05-20,E92000001,824.0,2359.0,236.0,259.0,66778.0
849,2020-05-19,E92000001,857.0,2602.0,231.0,447.0,74960.0
850,2020-05-18,E92000001,816.0,2226.0,253.0,134.0,57662.0
851,2020-05-17,E92000001,788.0,1593.0,222.0,43.0,59700.0
852,2020-05-16,E92000001,1136.0,1781.0,268.0,348.0,55901.0
853,2020-05-15,E92000001,1112.0,2145.0,269.0,280.0,92016.0
854,2020-05-14,E92000001,1189.0,2222.0,277.0,303.0,64047.0
855,2020-05-13,E92000001,1146.0,2899.0,256.0,362.0,68515.0
856,2020-05-12,E92000001,1067.0,2940.0,275.0,539.0,63188.0
857,2020-05-11,E92000001,891.0,3088.0,260.0,174.0,64424.0
858,2020-05-10,E92000001,1007.0,2013.0,300.0,190.0,51411.0
859,2020-05-09,E92000001,1349.0,1797.0,331.0,226.0,52623.0
860,2020-05-08,E92000001,1694.0,2622.0,331.0,498.0,56332.0
861,2020-05-07,E92000001,2133.0,3205.0,399.0,377.0,65607.0
862,2020-05-06,E92000001,1611.0,3264.0,391.0,529.0,51988.0
863,2020-05-05,E92000001,1842.0,3148.0,392.0,639.0,58025.0
864,2020-05-04,E92000001,1485.0,2851.0,412.0,247.0,70002.0
865,2020-05-03,E92000001,2019.0,2648.0,388.0,222.0,52156.0
866,2020-05-02,E92000001,2228.0,2762.0,424.0,485.0,51444.0
867,2020-05-01,E92000001,2501.0,4109.0,479.0,623.0,61728.0
868,2020-04-30,E92000001,2484.0,4314.0,484.0,543.0,68399.0
869,2020-04-29,E92000001,1403.0,4737.0,495.0,604.0,63410.0
870,2020-04-28,E92000001,1989.0,4113.0,498.0,862.0,46124.0
871,2020-04-27,E92000001,2264.0,4056.0,506.0,289.0,22237.0
872,2020-04-26,E92000001,2152.0,3137.0,560.0,327.0,12494.0
873,2020-04-25,E92000001,2826.0,3381.0,554.0,729.0,14878.0
874,2020-04-24,E92000001,3004.0,4352.0,602.0,821.0,23626.0
875,2020-04-23,E92000001,3084.0,4575.0,595.0,594.0,20067.0
876,2020-04-22,E92000001,3020.0,4812.0,643.0,725.0,18838.0
877,2020-04-21,E92000001,3087.0,3995.0,651.0,1116.0,19453.0
878,2020-04-20,E92000001,2401.0,3698.0,685.0,536.0,19599.0
879,2020-04-19,E92000001,3607.0,3494.0,688.0,380.0,11425.0
880,2020-04-18,E92000001,3548.0,4142.0,706.0,1004.0,14052.0
881,2020-04-17,E92000001,3985.0,4088.0,742.0,826.0,19253.0
882,2020-04-16,E92000001,3118.0,4360.0,754.0,906.0,18832.0
883,2020-04-15,E92000001,3188.0,4240.0,782.0,730.0,18560.0
884,2020-04-14,E92000001,3854.0,3568.0,770.0,1007.0,16317.0
885,2020-04-13,E92000001,2999.0,3463.0,805.0,694.0,14702.0
886,2020-04-12,E92000001,3672.0,2958.0,856.0,604.0,11734.0
887,2020-04-11,E92000001,3841.0,3085.0,864.0,745.0,12336.0
888,2020-04-10,E92000001,4263.0,3590.0,850.0,1035.0,14221.0
889,2020-04-09,E92000001,3798.0,4076.0,875.0,990.0,16956.0
890,2020-04-08,E92000001,4788.0,4315.0,977.0,922.0,17122.0
891,2020-04-07,E92000001,2978.0,4605.0,909.0,1009.0,17900.0
892,2020-04-06,E92000001,3176.0,4407.0,806.0,531.0,17507.0
893,2020-04-05,E92000001,5107.0,3094.0,829.0,578.0,11200.0
894,2020-04-04,E92000001,2910.0,3405.0,838.0,689.0,13702.0
895,2020-04-03,E92000001,3576.0,4102.0,743.0,654.0,16825.0
896,2020-04-02,E92000001,3583.0,4097.0,731.0,603.0,16638.0
897,2020-04-01,E92000001,3630.0,4150.0,698.0,613.0,16301.0
898,2020-03-31,E92000001,2414.0,3816.0,604.0,368.0,16161.0
899,2020-03-30,E92000001,2107.0,3514.0,540.0,353.0,14832.0
900,2020-03-29,E92000001,2060.0,2449.0,465.0,195.0,9831.0
901,2020-03-28,E92000001,2139.0,2379.0,384.0,279.0,10309.0
902,2020-03-27,E92000001,2506.0,2672.0,374.0,271.0,12792.0
903,2020-03-26,E92000001,1809.0,2633.0,338.0,169.0,13269.0
904,2020-03-25,E92000001,1130.0,2284.0,278.0,178.0,11640.0
905,2020-03-24,E92000001,1258.0,2041.0,219.0,143.0,11289.0
906,2020-03-23,E92000001,793.0,2010.0,173.0,67.0,11111.0
907,2020-03-22,E92000001,535.0,1212.0,153.0,24.0,7111.0
908,2020-03-21,E92000001,873.0,1040.0,116.0,54.0,8462.0
909,2020-03-20,E92000001,628.0,1096.0,102.0,32.0,8479.0
910,2020-03-19,E92000001,574.0,932.0,66.0,42.0,8052.0
911,2020-03-18,E92000001,625.0,910.0,67.0,33.0,8046.0
912,2020-03-17,E92000001,361.0,683.0,51.0,15.0,7215.0
913,2020-03-16,E92000001,97.0,552.0,43.0,22.0,6556.0
914,2020-03-15,E92000001,253.0,398.0,32.0,14.0,4637.0
915,2020-03-14,E92000001,201.0,315.0,20.0,18.0,4437.0
916,2020-03-13,E92000001,159.0,401.0,16.0,1.0,5965.0
917,2020-03-12,E92000001,99.0,421.0,12.0,2.0,5699.0
918,2020-03-11,E92000001,63.0,358.0,8.0,0.0,5267.0
919,2020-03-10,E92000001,46.0,229.0,3.0,4.0,3330.0
920,2020-03-09,E92000001,40.0,127.0,5.0,1.0,2228.0
921,2020-03-08,E92000001,58.0,50.0,3.0,0.0,1555.0
922,2020-03-07,E92000001,39.0,55.0,0.0,1.0,1594.0
923,2020-03-06,E92000001,39.0,74.0,0.0,1.0,2138.0
924,2020-03-05,E92000001,25.0,46.0,3.0,,1960.0
925,2020-03-04,E92000001,32.0,49.0,0.0,,2262.0
926,2020-03-03,E92000001,11.0,52.0,2.0,,2150.0
927,2020-03-02,E92000001,4.0,40.0,1.0,,1676.0
928,2020-03-01,E92000001,12.0,18.0,,,1466.0
929,2020-02-29,E92000001,3.0,4.0,,,1996.0
930,2020-02-28,E92000001,5.0,11.0,,,2189.0
931,2020-02-27,E92000001,0.0,7.0,,,2267.0
932,2020-02-26,E92000001,0.0,1.0,,,1497.0
933,2020-02-25,E92000001,0.0,3.0,,,823.0
934,2020-02-24,E92000001,4.0,2.0,,,336.0
935,2020-02-23,E92000001,0.0,6.0,,,263.0
936,2020-02-22,E92000001,0.0,0.0,,,358.0
937,2020-02-21,E92000001,0.0,2.0,,,425.0
938,2020-02-20,E92000001,0.0,0.0,,,372.0
939,2020-02-19,E92000001,0.0,0.0,,,376.0
940,2020-02-18,E92000001,0.0,0.0,,,354.0
941,2020-02-17,E92000001,0.0,1.0,,,328.0
942,2020-02-16,E92000001,0.0,0.0,,,473.0
943,2020-02-15,E92000001,0.0,0.0,,,465.0
944,2020-02-14,E92000001,0.0,0.0,,,652.0
945,2020-02-13,E92000001,1.0,1.0,,,872.0
946,2020-02-12,E92000001,0.0,1.0,,,684.0
947,2020-02-11,E92000001,0.0,4.0,,,891.0
948,2020-02-10,E92000001,4.0,1.0,,,568.0
949,2020-02-09,E92000001,1.0,1.0,,,574.0
950,2020-02-08,E92000001,0.0,3.0,,,551.0
951,2020-02-07,E92000001,0.0,0.0,,,184.0
952,2020-02-06,E92000001,1.0,0.0,,,100.0
953,2020-02-05,E92000001,0.0,1.0,,,154.0
954,2020-02-04,E92000001,0.0,0.0,,,132.0
955,2020-02-03,E92000001,0.0,18.0,,,113.0
956,2020-02-02,E92000001,0.0,1.0,,,161.0
957,2020-02-01,E92000001,0.0,0.0,,,174.0
958,2020-01-31,E92000001,2.0,0.0,,,75.0
959,2020-01-30,E92000001,,1.0,,,55.0
960,2020-01-29,E92000001,,,,,37.0
961,2020-01-28,E92000001,,,,,60.0
962,2020-01-27,E92000001,,,,,108.0
963,2020-01-26,E92000001,,,,,83.0
964,2020-01-25,E92000001,,,,,42.0
965,2020-01-24,E92000001,,,,,77.0
966,2020-01-23,E92000001,,,,,23.0
967,2020-01-22,E92000001,,,,,30.0
968,2020-01-21,E92000001,,,,,15.0
969,2020-01-20,E92000001,,,,,15.0
970,2020-01-19,E92000001,,,,,81.0
971,2020-01-18,E92000001,,,,,26.0
972,2020-01-17,E92000001,,,,,5.0
973,2020-01-16,E92000001,,,,,9.0
974,2020-01-15,E92000001,,,,,9.0
975,2020-01-14,E92000001,,,,,42.0
976,2020-01-13,E92000001,,,,,63.0
977,2020-01-12,E92000001,,,,,63.0
978,2020-01-11,E92000001,,,,,17.0
979,2020-01-10,E92000001,,,,,21.0
980,2020-01-09,E92000001,,,,,7.0
981,2020-01-08,E92000001,,,,,41.0
982,2020-01-07,E92000001,,,,,138.0
983,2020-01-06,E92000001,,,,,58.0
984,2020-01-05,E92000001,,,,,302.0
985,2020-01-04,E92000001,,,,,135.0
986,2020-01-03,E92000001,,,,,20.0
