,date,areaCode,newDeaths28DaysByDeathDate,newDeaths28DaysByPublishDate
0,2022-09-22,E92000001,,422.0
1,2022-09-21,E92000001,,0.0
2,2022-09-20,E92000001,10.0,0.0
3,2022-09-19,E92000001,35.0,0.0
4,2022-09-18,E92000001,33.0,0.0
5,2022-09-17,E92000001,31.0,0.0
6,2022-09-16,E92000001,31.0,0.0
7,2022-09-15,E92000001,41.0,437.0
8,2022-09-14,E92000001,41.0,0.0
9,2022-09-13,E92000001,56.0,0.0
10,2022-09-12,E92000001,46.0,0.0
11,2022-09-11,E92000001,43.0,0.0
12,2022-09-10,E92000001,42.0,0.0
13,2022-09-09,E92000001,47.0,0.0
14,2022-09-08,E92000001,50.0,745.0
15,2022-09-07,E92000001,55.0,0.0
16,2022-09-06,E92000001,50.0,0.0
17,2022-09-05,E92000001,66.0,0.0
18,2022-09-04,E92000001,72.0,0.0
19,2022-09-03,E92000001,53.0,0.0
20,2022-09-02,E92000001,70.0,0.0
21,2022-09-01,E92000001,68.0,0.0
22,2022-08-31,E92000001,92.0,456.0
23,2022-08-30,E92000001,62.0,0.0
24,2022-08-29,E92000001,65.0,0.0
25,2022-08-28,E92000001,78.0,0.0
26,2022-08-27,E92000001,75.0,0.0
27,2022-08-26,E92000001,71.0,0.0
28,2022-08-25,E92000001,69.0,0.0
29,2022-08-24,E92000001,67.0,723.0
30,2022-08-23,E92000001,78.0,0.0
31,2022-08-22,E92000001,85.0,0.0
32,2022-08-21,E92000001,91.0,0.0
33,2022-08-20,E92000001,96.0,0.0
34,2022-08-19,E92000001,76.0,0.0
35,2022-08-18,E92000001,87.0,0.0
36,2022-08-17,E92000001,82.0,895.0
37,2022-08-16,E92000001,106.0,0.0
38,2022-08-15,E92000001,125.0,0.0
39,2022-08-14,E92000001,107.0,0.0
40,2022-08-13,E92000001,130.0,0.0
41,2022-08-12,E92000001,133.0,0.0
42,2022-08-11,E92000001,145.0,0.0
43,2022-08-10,E92000001,116.0,990.0
44,2022-08-09,E92000001,124.0,0.0
45,2022-08-08,E92000001,128.0,0.0
46,2022-08-07,E92000001,128.0,0.0
47,2022-08-06,E92000001,115.0,0.0
48,2022-08-05,E92000001,122.0,0.0
49,2022-08-04,E92000001,120.0,0.0
50,2022-08-03,E92000001,153.0,1075.0
51,2022-08-02,E92000001,148.0,0.0
52,2022-08-01,E92000001,151.0,0.0
53,2022-07-31,E92000001,142.0,0.0
54,2022-07-30,E92000001,129.0,0.0
55,2022-07-29,E92000001,172.0,0.0
56,2022-07-28,E92000001,172.0,0.0
57,2022-07-27,E92000001,145.0,1197.0
58,2022-07-26,E92000001,142.0,0.0
59,2022-07-25,E92000001,147.0,0.0
60,2022-07-24,E92000001,178.0,0.0
61,2022-07-23,E92000001,157.0,0.0
62,2022-07-22,E92000001,148.0,0.0
63,2022-07-21,E92000001,150.0,0.0
64,2022-07-20,E92000001,209.0,1100.0
65,2022-07-19,E92000001,302.0,0.0
66,2022-07-18,E92000001,161.0,0.0
67,2022-07-17,E92000001,192.0,0.0
68,2022-07-16,E92000001,159.0,0.0
69,2022-07-15,E92000001,142.0,0.0
70,2022-07-14,E92000001,142.0,0.0
71,2022-07-13,E92000001,159.0,850.0
72,2022-07-12,E92000001,163.0,0.0
73,2022-07-11,E92000001,148.0,0.0
74,2022-07-10,E92000001,150.0,0.0
75,2022-07-09,E92000001,145.0,0.0
76,2022-07-08,E92000001,132.0,0.0
77,2022-07-07,E92000001,119.0,0.0
78,2022-07-06,E92000001,131.0,301.0
79,2022-07-05,E92000001,113.0,0.0
80,2022-07-04,E92000001,117.0,0.0
81,2022-07-03,E92000001,97.0,0.0
82,2022-07-02,E92000001,106.0,0.0
83,2022-07-01,E92000001,92.0,87.0
84,2022-06-30,E92000001,84.0,68.0
85,2022-06-29,E92000001,85.0,117.0
86,2022-06-28,E92000001,68.0,117.0
87,2022-06-27,E92000001,73.0,84.0
88,2022-06-26,E92000001,66.0,0.0
89,2022-06-25,E92000001,71.0,0.0
90,2022-06-24,E92000001,55.0,68.0
91,2022-06-23,E92000001,72.0,64.0
92,2022-06-22,E92000001,65.0,77.0
93,2022-06-21,E92000001,56.0,105.0
94,2022-06-20,E92000001,60.0,64.0
95,2022-06-19,E92000001,58.0,0.0
96,2022-06-18,E92000001,51.0,0.0
97,2022-06-17,E92000001,52.0,65.0
98,2022-06-16,E92000001,58.0,50.0
99,2022-06-15,E92000001,46.0,48.0
100,2022-06-14,E92000001,37.0,89.0
101,2022-06-13,E92000001,37.0,57.0
102,2022-06-12,E92000001,31.0,0.0
103,2022-06-11,E92000001,43.0,0.0
104,2022-06-10,E92000001,53.0,52.0
105,2022-06-09,E92000001,36.0,60.0
106,2022-06-08,E92000001,41.0,85.0
107,2022-06-07,E92000001,40.0,132.0
108,2022-06-06,E92000001,51.0,78.0
109,2022-06-05,E92000001,45.0,0.0
110,2022-06-04,E92000001,48.0,0.0
111,2022-06-03,E92000001,35.0,0.0
112,2022-06-02,E92000001,46.0,0.0
113,2022-06-01,E92000001,40.0,90.0
114,2022-05-31,E92000001,56.0,110.0
115,2022-05-30,E92000001,59.0,67.0
116,2022-05-29,E92000001,36.0,0.0
117,2022-05-28,E92000001,54.0,0.0
118,2022-05-27,E92000001,54.0,61.0
119,2022-05-26,E92000001,63.0,60.0
120,2022-05-25,E92000001,44.0,91.0
121,2022-05-24,E92000001,45.0,127.0
122,2022-05-23,E92000001,60.0,85.0
123,2022-05-22,E92000001,62.0,0.0
124,2022-05-21,E92000001,63.0,0.0
125,2022-05-20,E92000001,67.0,80.0
126,2022-05-19,E92000001,58.0,123.0
127,2022-05-18,E92000001,57.0,122.0
128,2022-05-17,E92000001,84.0,181.0
129,2022-05-16,E92000001,68.0,128.0
130,2022-05-15,E92000001,84.0,0.0
131,2022-05-14,E92000001,83.0,0.0
132,2022-05-13,E92000001,90.0,141.0
133,2022-05-12,E92000001,101.0,128.0
134,2022-05-11,E92000001,92.0,200.0
135,2022-05-10,E92000001,107.0,272.0
136,2022-05-09,E92000001,105.0,180.0
137,2022-05-08,E92000001,106.0,0.0
138,2022-05-07,E92000001,118.0,0.0
139,2022-05-06,E92000001,124.0,203.0
140,2022-05-05,E92000001,118.0,393.0
141,2022-05-04,E92000001,125.0,195.0
142,2022-05-03,E92000001,123.0,367.0
143,2022-05-02,E92000001,140.0,0.0
144,2022-05-01,E92000001,158.0,0.0
145,2022-04-30,E92000001,166.0,0.0
146,2022-04-29,E92000001,155.0,182.0
147,2022-04-28,E92000001,170.0,204.0
148,2022-04-27,E92000001,163.0,262.0
149,2022-04-26,E92000001,154.0,413.0
150,2022-04-25,E92000001,168.0,294.0
151,2022-04-24,E92000001,161.0,0.0
152,2022-04-23,E92000001,179.0,0.0
153,2022-04-22,E92000001,191.0,243.0
154,2022-04-21,E92000001,182.0,624.0
155,2022-04-20,E92000001,209.0,443.0
156,2022-04-19,E92000001,178.0,411.0
157,2022-04-18,E92000001,226.0,0.0
158,2022-04-17,E92000001,225.0,0.0
159,2022-04-16,E92000001,229.0,0.0
160,2022-04-15,E92000001,216.0,0.0
161,2022-04-14,E92000001,239.0,295.0
162,2022-04-13,E92000001,263.0,615.0
163,2022-04-12,E92000001,253.0,240.0
164,2022-04-11,E92000001,238.0,301.0
165,2022-04-10,E92000001,245.0,0.0
166,2022-04-09,E92000001,241.0,0.0
167,2022-04-08,E92000001,267.0,302.0
168,2022-04-07,E92000001,246.0,274.0
169,2022-04-06,E92000001,245.0,184.0
170,2022-04-05,E92000001,225.0,313.0
171,2022-04-04,E92000001,211.0,152.0
172,2022-04-03,E92000001,231.0,0.0
173,2022-04-02,E92000001,254.0,0.0
174,2022-04-01,E92000001,216.0,134.0
175,2022-03-31,E92000001,222.0,136.0
176,2022-03-30,E92000001,212.0,156.0
177,2022-03-29,E92000001,204.0,251.0
178,2022-03-28,E92000001,188.0,143.0
179,2022-03-27,E92000001,186.0,0.0
180,2022-03-26,E92000001,186.0,0.0
181,2022-03-25,E92000001,180.0,123.0
182,2022-03-24,E92000001,175.0,111.0
183,2022-03-23,E92000001,164.0,137.0
184,2022-03-22,E92000001,185.0,200.0
185,2022-03-21,E92000001,145.0,127.0
186,2022-03-20,E92000001,155.0,0.0
187,2022-03-19,E92000001,149.0,0.0
188,2022-03-18,E92000001,162.0,95.0
189,2022-03-17,E92000001,159.0,100.0
190,2022-03-16,E92000001,145.0,116.0
191,2022-03-15,E92000001,132.0,168.0
192,2022-03-14,E92000001,155.0,125.0
193,2022-03-13,E92000001,126.0,0.0
194,2022-03-12,E92000001,126.0,0.0
195,2022-03-11,E92000001,119.0,87.0
196,2022-03-10,E92000001,128.0,95.0
197,2022-03-09,E92000001,123.0,95.0
198,2022-03-08,E92000001,128.0,172.0
199,2022-03-07,E92000001,117.0,107.0
200,2022-03-06,E92000001,106.0,0.0
201,2022-03-05,E92000001,107.0,0.0
202,2022-03-04,E92000001,108.0,80.0
203,2022-03-03,E92000001,140.0,144.0
204,2022-03-02,E92000001,128.0,42.0
205,2022-03-01,E92000001,111.0,158.0
206,2022-02-28,E92000001,119.0,106.0
207,2022-02-27,E92000001,107.0,0.0
208,2022-02-26,E92000001,116.0,0.0
209,2022-02-25,E92000001,122.0,97.0
210,2022-02-24,E92000001,137.0,99.0
211,2022-02-23,E92000001,121.0,140.0
212,2022-02-22,E92000001,120.0,170.0
213,2022-02-21,E92000001,124.0,10.0
214,2022-02-20,E92000001,145.0,69.0
215,2022-02-19,E92000001,137.0,123.0
216,2022-02-18,E92000001,131.0,130.0
217,2022-02-17,E92000001,144.0,156.0
218,2022-02-16,E92000001,150.0,170.0
219,2022-02-15,E92000001,149.0,214.0
220,2022-02-14,E92000001,169.0,23.0
221,2022-02-13,E92000001,156.0,50.0
222,2022-02-12,E92000001,149.0,147.0
223,2022-02-11,E92000001,149.0,160.0
224,2022-02-10,E92000001,165.0,170.0
225,2022-02-09,E92000001,160.0,242.0
226,2022-02-08,E92000001,166.0,294.0
227,2022-02-07,E92000001,156.0,34.0
228,2022-02-06,E92000001,193.0,61.0
229,2022-02-05,E92000001,195.0,232.0
230,2022-02-04,E92000001,179.0,228.0
231,2022-02-03,E92000001,206.0,258.0
232,2022-02-02,E92000001,228.0,519.0
233,2022-02-01,E92000001,228.0,185.0
234,2022-01-31,E92000001,230.0,37.0
235,2022-01-30,E92000001,217.0,75.0
236,2022-01-29,E92000001,239.0,275.0
237,2022-01-28,E92000001,226.0,247.0
238,2022-01-27,E92000001,262.0,302.0
239,2022-01-26,E92000001,239.0,300.0
240,2022-01-25,E92000001,214.0,409.0
241,2022-01-24,E92000001,251.0,44.0
242,2022-01-23,E92000001,224.0,58.0
243,2022-01-22,E92000001,259.0,262.0
244,2022-01-21,E92000001,270.0,255.0
245,2022-01-20,E92000001,228.0,280.0
246,2022-01-19,E92000001,243.0,301.0
247,2022-01-18,E92000001,255.0,400.0
248,2022-01-17,E92000001,260.0,63.0
249,2022-01-16,E92000001,251.0,79.0
250,2022-01-15,E92000001,257.0,266.0
251,2022-01-14,E92000001,253.0,221.0
252,2022-01-13,E92000001,235.0,284.0
253,2022-01-12,E92000001,227.0,361.0
254,2022-01-11,E92000001,248.0,358.0
255,2022-01-10,E92000001,248.0,55.0
256,2022-01-09,E92000001,235.0,84.0
257,2022-01-08,E92000001,222.0,282.0
258,2022-01-07,E92000001,230.0,193.0
259,2022-01-06,E92000001,224.0,203.0
260,2022-01-05,E92000001,196.0,316.0
261,2022-01-04,E92000001,180.0,25.0
262,2022-01-03,E92000001,161.0,42.0
263,2022-01-02,E92000001,155.0,59.0
264,2022-01-01,E92000001,164.0,154.0
265,2021-12-31,E92000001,149.0,178.0
266,2021-12-30,E92000001,176.0,317.0
267,2021-12-29,E92000001,105.0,38.0
268,2021-12-28,E92000001,145.0,15.0
269,2021-12-27,E92000001,128.0,143.0
270,2021-12-26,E92000001,108.0,0.0
271,2021-12-25,E92000001,95.0,0.0
272,2021-12-24,E92000001,114.0,114.0
273,2021-12-23,E92000001,123.0,125.0
274,2021-12-22,E92000001,115.0,123.0
275,2021-12-21,E92000001,89.0,154.0
276,2021-12-20,E92000001,101.0,35.0
277,2021-12-19,E92000001,92.0,38.0
278,2021-12-18,E92000001,92.0,111.0
279,2021-12-17,E92000001,114.0,98.0
280,2021-12-16,E92000001,91.0,122.0
281,2021-12-15,E92000001,95.0,129.0
282,2021-12-14,E92000001,110.0,138.0
283,2021-12-13,E92000001,92.0,26.0
284,2021-12-12,E92000001,106.0,44.0
285,2021-12-11,E92000001,79.0,117.0
286,2021-12-10,E92000001,95.0,90.0
287,2021-12-09,E92000001,103.0,113.0
288,2021-12-08,E92000001,98.0,134.0
289,2021-12-07,E92000001,95.0,161.0
290,2021-12-06,E92000001,111.0,34.0
291,2021-12-05,E92000001,92.0,41.0
292,2021-12-04,E92000001,119.0,104.0
293,2021-12-03,E92000001,114.0,115.0
294,2021-12-02,E92000001,85.0,104.0
295,2021-12-01,E92000001,104.0,141.0
296,2021-11-30,E92000001,88.0,143.0
297,2021-11-29,E92000001,107.0,21.0
298,2021-11-28,E92000001,93.0,40.0
299,2021-11-27,E92000001,88.0,112.0
300,2021-11-26,E92000001,107.0,125.0
301,2021-11-25,E92000001,110.0,113.0
302,2021-11-24,E92000001,98.0,129.0
303,2021-11-23,E92000001,121.0,140.0
304,2021-11-22,E92000001,94.0,34.0
305,2021-11-21,E92000001,90.0,47.0
306,2021-11-20,E92000001,100.0,133.0
307,2021-11-19,E92000001,104.0,123.0
308,2021-11-18,E92000001,113.0,144.0
309,2021-11-17,E92000001,99.0,159.0
310,2021-11-16,E92000001,130.0,190.0
311,2021-11-15,E92000001,137.0,29.0
312,2021-11-14,E92000001,106.0,51.0
313,2021-11-13,E92000001,110.0,141.0
314,2021-11-12,E92000001,119.0,122.0
315,2021-11-11,E92000001,123.0,151.0
316,2021-11-10,E92000001,119.0,170.0
317,2021-11-09,E92000001,126.0,230.0
318,2021-11-08,E92000001,127.0,32.0
319,2021-11-07,E92000001,135.0,47.0
320,2021-11-06,E92000001,140.0,125.0
321,2021-11-05,E92000001,128.0,151.0
322,2021-11-04,E92000001,120.0,152.0
323,2021-11-03,E92000001,129.0,181.0
324,2021-11-02,E92000001,128.0,255.0
325,2021-11-01,E92000001,137.0,13.0
326,2021-10-31,E92000001,155.0,59.0
327,2021-10-30,E92000001,133.0,138.0
328,2021-10-29,E92000001,130.0,148.0
329,2021-10-28,E92000001,154.0,124.0
330,2021-10-27,E92000001,134.0,169.0
331,2021-10-26,E92000001,132.0,208.0
332,2021-10-25,E92000001,115.0,34.0
333,2021-10-24,E92000001,119.0,34.0
334,2021-10-23,E92000001,132.0,125.0
335,2021-10-22,E92000001,105.0,143.0
336,2021-10-21,E92000001,113.0,66.0
337,2021-10-20,E92000001,120.0,134.0
338,2021-10-19,E92000001,104.0,189.0
339,2021-10-18,E92000001,95.0,22.0
340,2021-10-17,E92000001,104.0,41.0
341,2021-10-16,E92000001,97.0,123.0
342,2021-10-15,E92000001,107.0,94.0
343,2021-10-14,E92000001,110.0,110.0
344,2021-10-13,E92000001,89.0,101.0
345,2021-10-12,E92000001,87.0,147.0
346,2021-10-11,E92000001,95.0,15.0
347,2021-10-10,E92000001,70.0,34.0
348,2021-10-09,E92000001,92.0,111.0
349,2021-10-08,E92000001,96.0,109.0
350,2021-10-07,E92000001,93.0,71.0
351,2021-10-06,E92000001,77.0,99.0
352,2021-10-05,E92000001,87.0,140.0
353,2021-10-04,E92000001,82.0,13.0
354,2021-10-03,E92000001,74.0,30.0
355,2021-10-02,E92000001,75.0,103.0
356,2021-10-01,E92000001,98.0,80.0
357,2021-09-30,E92000001,81.0,87.0
358,2021-09-29,E92000001,86.0,111.0
359,2021-09-28,E92000001,80.0,141.0
360,2021-09-27,E92000001,80.0,23.0
361,2021-09-26,E92000001,68.0,37.0
362,2021-09-25,E92000001,92.0,104.0
363,2021-09-24,E92000001,93.0,120.0
364,2021-09-23,E92000001,105.0,131.0
365,2021-09-22,E92000001,106.0,121.0
366,2021-09-21,E92000001,94.0,174.0
367,2021-09-20,E92000001,106.0,27.0
368,2021-09-19,E92000001,90.0,34.0
369,2021-09-18,E92000001,94.0,131.0
370,2021-09-17,E92000001,127.0,130.0
371,2021-09-16,E92000001,113.0,123.0
372,2021-09-15,E92000001,104.0,151.0
373,2021-09-14,E92000001,119.0,152.0
374,2021-09-13,E92000001,72.0,32.0
375,2021-09-12,E92000001,107.0,42.0
376,2021-09-11,E92000001,105.0,143.0
377,2021-09-10,E92000001,110.0,114.0
378,2021-09-09,E92000001,132.0,138.0
379,2021-09-08,E92000001,116.0,158.0
380,2021-09-07,E92000001,125.0,183.0
381,2021-09-06,E92000001,121.0,28.0
382,2021-09-05,E92000001,118.0,58.0
383,2021-09-04,E92000001,112.0,102.0
384,2021-09-03,E92000001,126.0,96.0
385,2021-09-02,E92000001,101.0,144.0
386,2021-09-01,E92000001,98.0,184.0
387,2021-08-31,E92000001,95.0,36.0
388,2021-08-30,E92000001,91.0,42.0
389,2021-08-29,E92000001,106.0,49.0
390,2021-08-28,E92000001,105.0,119.0
391,2021-08-27,E92000001,107.0,86.0
392,2021-08-26,E92000001,105.0,121.0
393,2021-08-25,E92000001,88.0,135.0
394,2021-08-24,E92000001,104.0,152.0
395,2021-08-23,E92000001,98.0,29.0
396,2021-08-22,E92000001,104.0,33.0
397,2021-08-21,E92000001,91.0,97.0
398,2021-08-20,E92000001,101.0,92.0
399,2021-08-19,E92000001,94.0,95.0
400,2021-08-18,E92000001,81.0,86.0
401,2021-08-17,E92000001,97.0,154.0
402,2021-08-16,E92000001,76.0,20.0
403,2021-08-15,E92000001,74.0,54.0
404,2021-08-14,E92000001,82.0,83.0
405,2021-08-13,E92000001,90.0,86.0
406,2021-08-12,E92000001,93.0,81.0
407,2021-08-11,E92000001,81.0,91.0
408,2021-08-10,E92000001,69.0,132.0
409,2021-08-09,E92000001,72.0,26.0
410,2021-08-08,E92000001,67.0,35.0
411,2021-08-07,E92000001,85.0,88.0
412,2021-08-06,E92000001,81.0,81.0
413,2021-08-05,E92000001,90.0,69.0
414,2021-08-04,E92000001,71.0,101.0
415,2021-08-03,E92000001,66.0,123.0
416,2021-08-02,E92000001,68.0,17.0
417,2021-08-01,E92000001,75.0,52.0
418,2021-07-31,E92000001,78.0,54.0
419,2021-07-30,E92000001,96.0,55.0
420,2021-07-29,E92000001,70.0,67.0
421,2021-07-28,E92000001,72.0,73.0
422,2021-07-27,E92000001,59.0,121.0
423,2021-07-26,E92000001,67.0,12.0
424,2021-07-25,E92000001,65.0,26.0
425,2021-07-24,E92000001,66.0,74.0
426,2021-07-23,E92000001,74.0,56.0
427,2021-07-22,E92000001,66.0,58.0
428,2021-07-21,E92000001,45.0,63.0
429,2021-07-20,E92000001,49.0,82.0
430,2021-07-19,E92000001,70.0,15.0
431,2021-07-18,E92000001,57.0,21.0
432,2021-07-17,E92000001,44.0,35.0
433,2021-07-16,E92000001,41.0,42.0
434,2021-07-15,E92000001,44.0,44.0
435,2021-07-14,E92000001,33.0,36.0
436,2021-07-13,E92000001,38.0,45.0
437,2021-07-12,E92000001,34.0,6.0
438,2021-07-11,E92000001,27.0,25.0
439,2021-07-10,E92000001,33.0,26.0
440,2021-07-09,E92000001,39.0,22.0
441,2021-07-08,E92000001,30.0,31.0
442,2021-07-07,E92000001,23.0,28.0
443,2021-07-06,E92000001,19.0,30.0
444,2021-07-05,E92000001,24.0,7.0
445,2021-07-04,E92000001,23.0,15.0
446,2021-07-03,E92000001,24.0,15.0
447,2021-07-02,E92000001,26.0,22.0
448,2021-07-01,E92000001,22.0,16.0
449,2021-06-30,E92000001,21.0,11.0
450,2021-06-29,E92000001,21.0,22.0
451,2021-06-28,E92000001,10.0,3.0
452,2021-06-27,E92000001,19.0,9.0
453,2021-06-26,E92000001,9.0,20.0
454,2021-06-25,E92000001,21.0,15.0
455,2021-06-24,E92000001,20.0,16.0
456,2021-06-23,E92000001,6.0,13.0
457,2021-06-22,E92000001,9.0,23.0
458,2021-06-21,E92000001,13.0,5.0
459,2021-06-20,E92000001,22.0,6.0
460,2021-06-19,E92000001,19.0,12.0
461,2021-06-18,E92000001,10.0,9.0
462,2021-06-17,E92000001,5.0,15.0
463,2021-06-16,E92000001,12.0,8.0
464,2021-06-15,E92000001,15.0,8.0
465,2021-06-14,E92000001,10.0,3.0
466,2021-06-13,E92000001,8.0,7.0
467,2021-06-12,E92000001,14.0,10.0
468,2021-06-11,E92000001,6.0,16.0
469,2021-06-10,E92000001,11.0,5.0
470,2021-06-09,E92000001,6.0,5.0
471,2021-06-08,E92000001,9.0,13.0
472,2021-06-07,E92000001,5.0,0.0
473,2021-06-06,E92000001,7.0,4.0
474,2021-06-05,E92000001,6.0,12.0
475,2021-06-04,E92000001,11.0,9.0
476,2021-06-03,E92000001,10.0,13.0
477,2021-06-02,E92000001,12.0,11.0
478,2021-06-01,E92000001,3.0,0.0
479,2021-05-31,E92000001,8.0,0.0
480,2021-05-30,E92000001,8.0,6.0
481,2021-05-29,E92000001,7.0,6.0
482,2021-05-28,E92000001,6.0,8.0
483,2021-05-27,E92000001,8.0,8.0
484,2021-05-26,E92000001,12.0,8.0
485,2021-05-25,E92000001,6.0,13.0
486,2021-05-24,E92000001,8.0,3.0
487,2021-05-23,E92000001,8.0,3.0
488,2021-05-22,E92000001,3.0,6.0
489,2021-05-21,E92000001,9.0,6.0
490,2021-05-20,E92000001,6.0,6.0
491,2021-05-19,E92000001,3.0,3.0
492,2021-05-18,E92000001,3.0,5.0
493,2021-05-17,E92000001,7.0,3.0
494,2021-05-16,E92000001,7.0,3.0
495,2021-05-15,E92000001,8.0,7.0
496,2021-05-14,E92000001,3.0,15.0
497,2021-05-13,E92000001,6.0,8.0
498,2021-05-12,E92000001,10.0,11.0
499,2021-05-11,E92000001,14.0,18.0
500,2021-05-10,E92000001,10.0,0.0
501,2021-05-09,E92000001,8.0,2.0
502,2021-05-08,E92000001,10.0,5.0
503,2021-05-07,E92000001,10.0,13.0
504,2021-05-06,E92000001,7.0,12.0
505,2021-05-05,E92000001,13.0,27.0
506,2021-05-04,E92000001,9.0,3.0
507,2021-05-03,E92000001,9.0,1.0
508,2021-05-02,E92000001,12.0,13.0
509,2021-05-01,E92000001,8.0,6.0
510,2021-04-30,E92000001,12.0,14.0
511,2021-04-29,E92000001,13.0,15.0
512,2021-04-28,E92000001,15.0,27.0
513,2021-04-27,E92000001,13.0,16.0
514,2021-04-26,E92000001,11.0,3.0
515,2021-04-25,E92000001,12.0,7.0
516,2021-04-24,E92000001,7.0,27.0
517,2021-04-23,E92000001,19.0,38.0
518,2021-04-22,E92000001,15.0,11.0
519,2021-04-21,E92000001,17.0,20.0
520,2021-04-20,E92000001,17.0,28.0
521,2021-04-19,E92000001,16.0,2.0
522,2021-04-18,E92000001,16.0,7.0
523,2021-04-17,E92000001,21.0,31.0
524,2021-04-16,E92000001,17.0,30.0
525,2021-04-15,E92000001,18.0,25.0
526,2021-04-14,E92000001,10.0,34.0
527,2021-04-13,E92000001,20.0,18.0
528,2021-04-12,E92000001,27.0,13.0
529,2021-04-11,E92000001,21.0,3.0
530,2021-04-10,E92000001,19.0,33.0
531,2021-04-09,E92000001,21.0,51.0
532,2021-04-08,E92000001,31.0,44.0
533,2021-04-07,E92000001,24.0,40.0
534,2021-04-06,E92000001,23.0,15.0
535,2021-04-05,E92000001,12.0,16.0
536,2021-04-04,E92000001,25.0,10.0
537,2021-04-03,E92000001,27.0,8.0
538,2021-04-02,E92000001,23.0,47.0
539,2021-04-01,E92000001,29.0,41.0
540,2021-03-31,E92000001,37.0,36.0
541,2021-03-30,E92000001,38.0,39.0
542,2021-03-29,E92000001,28.0,22.0
543,2021-03-28,E92000001,27.0,17.0
544,2021-03-27,E92000001,32.0,43.0
545,2021-03-26,E92000001,41.0,61.0
546,2021-03-25,E92000001,38.0,49.0
547,2021-03-24,E92000001,36.0,92.0
548,2021-03-23,E92000001,48.0,103.0
549,2021-03-22,E92000001,60.0,16.0
550,2021-03-21,E92000001,71.0,26.0
551,2021-03-20,E92000001,59.0,82.0
552,2021-03-19,E92000001,56.0,81.0
553,2021-03-18,E92000001,52.0,83.0
554,2021-03-17,E92000001,67.0,121.0
555,2021-03-16,E92000001,69.0,101.0
556,2021-03-15,E92000001,89.0,61.0
557,2021-03-14,E92000001,83.0,40.0
558,2021-03-13,E92000001,98.0,106.0
559,2021-03-12,E92000001,84.0,145.0
560,2021-03-11,E92000001,110.0,138.0
561,2021-03-10,E92000001,99.0,156.0
562,2021-03-09,E92000001,118.0,207.0
563,2021-03-08,E92000001,122.0,62.0
564,2021-03-07,E92000001,115.0,61.0
565,2021-03-06,E92000001,129.0,135.0
566,2021-03-05,E92000001,156.0,211.0
567,2021-03-04,E92000001,130.0,202.0
568,2021-03-03,E92000001,126.0,264.0
569,2021-03-02,E92000001,158.0,307.0
570,2021-03-01,E92000001,192.0,99.0
571,2021-02-28,E92000001,201.0,115.0
572,2021-02-27,E92000001,197.0,254.0
573,2021-02-26,E92000001,197.0,300.0
574,2021-02-25,E92000001,222.0,266.0
575,2021-02-24,E92000001,241.0,380.0
576,2021-02-23,E92000001,258.0,483.0
577,2021-02-22,E92000001,242.0,165.0
578,2021-02-21,E92000001,287.0,190.0
579,2021-02-20,E92000001,304.0,397.0
580,2021-02-19,E92000001,316.0,481.0
581,2021-02-18,E92000001,369.0,377.0
582,2021-02-17,E92000001,386.0,638.0
583,2021-02-16,E92000001,397.0,733.0
584,2021-02-15,E92000001,462.0,210.0
585,2021-02-14,E92000001,440.0,228.0
586,2021-02-13,E92000001,435.0,544.0
587,2021-02-12,E92000001,460.0,657.0
588,2021-02-11,E92000001,513.0,594.0
589,2021-02-10,E92000001,545.0,926.0
590,2021-02-09,E92000001,542.0,974.0
591,2021-02-08,E92000001,614.0,304.0
592,2021-02-07,E92000001,569.0,329.0
593,2021-02-06,E92000001,613.0,724.0
594,2021-02-05,E92000001,680.0,892.0
595,2021-02-04,E92000001,654.0,817.0
596,2021-02-03,E92000001,786.0,1173.0
597,2021-02-02,E92000001,764.0,1356.0
598,2021-02-01,E92000001,812.0,368.0
599,2021-01-31,E92000001,812.0,528.0
600,2021-01-30,E92000001,833.0,1098.0
601,2021-01-29,E92000001,947.0,1124.0
602,2021-01-28,E92000001,1021.0,1088.0
603,2021-01-27,E92000001,1014.0,1568.0
604,2021-01-26,E92000001,969.0,1520.0
605,2021-01-25,E92000001,1077.0,548.0
606,2021-01-24,E92000001,1042.0,551.0
607,2021-01-23,E92000001,1070.0,1233.0
608,2021-01-22,E92000001,1127.0,1251.0
609,2021-01-21,E92000001,1139.0,1134.0
610,2021-01-20,E92000001,1179.0,1662.0
611,2021-01-19,E92000001,1255.0,1507.0
612,2021-01-18,E92000001,1173.0,560.0
613,2021-01-17,E92000001,1174.0,598.0
614,2021-01-16,E92000001,1175.0,1140.0
615,2021-01-15,E92000001,1105.0,1139.0
616,2021-01-14,E92000001,1094.0,1114.0
617,2021-01-13,E92000001,1106.0,1400.0
618,2021-01-12,E92000001,1094.0,1151.0
619,2021-01-11,E92000001,1008.0,495.0
620,2021-01-10,E92000001,984.0,498.0
621,2021-01-09,E92000001,931.0,871.0
622,2021-01-08,E92000001,892.0,1156.0
623,2021-01-07,E92000001,891.0,1004.0
624,2021-01-06,E92000001,829.0,884.0
625,2021-01-05,E92000001,823.0,784.0
626,2021-01-04,E92000001,759.0,370.0
627,2021-01-03,E92000001,656.0,392.0
628,2021-01-02,E92000001,672.0,349.0
629,2021-01-01,E92000001,645.0,613.0
630,2020-12-31,E92000001,653.0,820.0
631,2020-12-30,E92000001,629.0,919.0
632,2020-12-29,E92000001,580.0,360.0
633,2020-12-28,E92000001,594.0,322.0
634,2020-12-27,E92000001,585.0,246.0
635,2020-12-26,E92000001,572.0,175.0
636,2020-12-25,E92000001,541.0,570.0
637,2020-12-24,E92000001,490.0,468.0
638,2020-12-23,E92000001,483.0,625.0
639,2020-12-22,E92000001,491.0,608.0
640,2020-12-21,E92000001,498.0,198.0
641,2020-12-20,E92000001,430.0,241.0
642,2020-12-19,E92000001,415.0,441.0
643,2020-12-18,E92000001,436.0,403.0
644,2020-12-17,E92000001,441.0,438.0
645,2020-12-16,E92000001,354.0,537.0
646,2020-12-15,E92000001,391.0,467.0
647,2020-12-14,E92000001,415.0,194.0
648,2020-12-13,E92000001,368.0,138.0
649,2020-12-12,E92000001,378.0,440.0
650,2020-12-11,E92000001,400.0,353.0
651,2020-12-10,E92000001,380.0,419.0
652,2020-12-09,E92000001,376.0,451.0
653,2020-12-08,E92000001,376.0,538.0
654,2020-12-07,E92000001,360.0,177.0
655,2020-12-06,E92000001,357.0,201.0
656,2020-12-05,E92000001,345.0,344.0
657,2020-12-04,E92000001,414.0,424.0
658,2020-12-03,E92000001,408.0,328.0
659,2020-12-02,E92000001,337.0,555.0
660,2020-12-01,E92000001,347.0,531.0
661,2020-11-30,E92000001,365.0,189.0
662,2020-11-29,E92000001,404.0,194.0
663,2020-11-28,E92000001,387.0,397.0
664,2020-11-27,E92000001,369.0,451.0
665,2020-11-26,E92000001,374.0,411.0
666,2020-11-25,E92000001,429.0,604.0
667,2020-11-24,E92000001,410.0,535.0
668,2020-11-23,E92000001,401.0,194.0
669,2020-11-22,E92000001,410.0,370.0
670,2020-11-21,E92000001,401.0,266.0
671,2020-11-20,E92000001,394.0,436.0
672,2020-11-19,E92000001,401.0,416.0
673,2020-11-18,E92000001,441.0,423.0
674,2020-11-17,E92000001,368.0,518.0
675,2020-11-16,E92000001,360.0,191.0
676,2020-11-15,E92000001,385.0,143.0
677,2020-11-14,E92000001,365.0,396.0
678,2020-11-13,E92000001,360.0,280.0
679,2020-11-12,E92000001,353.0,469.0
680,2020-11-11,E92000001,313.0,478.0
681,2020-11-10,E92000001,320.0,460.0
682,2020-11-09,E92000001,406.0,175.0
683,2020-11-08,E92000001,345.0,127.0
684,2020-11-07,E92000001,336.0,328.0
685,2020-11-06,E92000001,334.0,303.0
686,2020-11-05,E92000001,304.0,297.0
687,2020-11-04,E92000001,278.0,388.0
688,2020-11-03,E92000001,293.0,359.0
689,2020-11-02,E92000001,291.0,125.0
690,2020-11-01,E92000001,288.0,132.0
691,2020-10-31,E92000001,283.0,278.0
692,2020-10-30,E92000001,282.0,226.0
693,2020-10-29,E92000001,250.0,214.0
694,2020-10-28,E92000001,238.0,236.0
695,2020-10-27,E92000001,220.0,322.0
696,2020-10-26,E92000001,226.0,90.0
697,2020-10-25,E92000001,207.0,137.0
698,2020-10-24,E92000001,171.0,141.0
699,2020-10-23,E92000001,189.0,188.0
700,2020-10-22,E92000001,187.0,160.0
701,2020-10-21,E92000001,191.0,144.0
702,2020-10-20,E92000001,174.0,213.0
703,2020-10-19,E92000001,159.0,72.0
704,2020-10-18,E92000001,121.0,59.0
705,2020-10-17,E92000001,162.0,128.0
706,2020-10-16,E92000001,122.0,120.0
707,2020-10-15,E92000001,124.0,111.0
708,2020-10-14,E92000001,102.0,108.0
709,2020-10-13,E92000001,87.0,124.0
710,2020-10-12,E92000001,97.0,43.0
711,2020-10-11,E92000001,104.0,62.0
712,2020-10-10,E92000001,91.0,54.0
713,2020-10-09,E92000001,68.0,79.0
714,2020-10-08,E92000001,78.0,70.0
715,2020-10-07,E92000001,81.0,65.0
716,2020-10-06,E92000001,62.0,63.0
717,2020-10-05,E92000001,59.0,19.0
718,2020-10-04,E92000001,54.0,32.0
719,2020-10-03,E92000001,55.0,39.0
720,2020-10-02,E92000001,65.0,58.0
721,2020-10-01,E92000001,56.0,48.0
722,2020-09-30,E92000001,48.0,62.0
723,2020-09-29,E92000001,43.0,68.0
724,2020-09-28,E92000001,47.0,13.0
725,2020-09-27,E92000001,44.0,16.0
726,2020-09-26,E92000001,36.0,30.0
727,2020-09-25,E92000001,30.0,31.0
728,2020-09-24,E92000001,33.0,37.0
729,2020-09-23,E92000001,52.0,33.0
730,2020-09-22,E92000001,35.0,36.0
731,2020-09-21,E92000001,24.0,9.0
732,2020-09-20,E92000001,28.0,18.0
733,2020-09-19,E92000001,19.0,22.0
734,2020-09-18,E92000001,21.0,23.0
735,2020-09-17,E92000001,25.0,18.0
736,2020-09-16,E92000001,23.0,17.0
737,2020-09-15,E92000001,15.0,25.0
738,2020-09-14,E92000001,17.0,7.0
739,2020-09-13,E92000001,15.0,5.0
740,2020-09-12,E92000001,18.0,9.0
741,2020-09-11,E92000001,10.0,6.0
742,2020-09-10,E92000001,12.0,13.0
743,2020-09-09,E92000001,10.0,8.0
744,2020-09-08,E92000001,10.0,27.0
745,2020-09-07,E92000001,13.0,2.0
746,2020-09-06,E92000001,9.0,2.0
747,2020-09-05,E92000001,12.0,11.0
748,2020-09-04,E92000001,8.0,9.0
749,2020-09-03,E92000001,6.0,11.0
750,2020-09-02,E92000001,10.0,7.0
751,2020-09-01,E92000001,4.0,2.0
752,2020-08-31,E92000001,8.0,2.0
753,2020-08-30,E92000001,6.0,1.0
754,2020-08-29,E92000001,5.0,12.0
755,2020-08-28,E92000001,9.0,9.0
756,2020-08-27,E92000001,9.0,10.0
757,2020-08-26,E92000001,11.0,13.0
758,2020-08-25,E92000001,12.0,16.0
759,2020-08-24,E92000001,5.0,3.0
760,2020-08-23,E92000001,15.0,4.0
761,2020-08-22,E92000001,7.0,17.0
762,2020-08-21,E92000001,7.0,2.0
763,2020-08-20,E92000001,8.0,6.0
764,2020-08-19,E92000001,3.0,15.0
765,2020-08-18,E92000001,7.0,11.0
766,2020-08-17,E92000001,12.0,3.0
767,2020-08-16,E92000001,4.0,3.0
768,2020-08-15,E92000001,12.0,2.0
769,2020-08-14,E92000001,6.0,10.0
770,2020-08-13,E92000001,7.0,18.0
771,2020-08-12,E92000001,7.0,15.0
772,2020-08-11,E92000001,10.0,11.0
773,2020-08-10,E92000001,11.0,17.0
774,2020-08-09,E92000001,9.0,5.0
775,2020-08-08,E92000001,11.0,2.0
776,2020-08-07,E92000001,8.0,5.0
777,2020-08-06,E92000001,9.0,15.0
778,2020-08-05,E92000001,3.0,12.0
779,2020-08-04,E92000001,10.0,17.0
780,2020-08-03,E92000001,15.0,1.0
781,2020-08-02,E92000001,8.0,2.0
782,2020-08-01,E92000001,9.0,11.0
783,2020-07-31,E92000001,10.0,14.0
784,2020-07-30,E92000001,8.0,0.0
785,2020-07-29,E92000001,8.0,29.0
786,2020-07-28,E92000001,10.0,21.0
787,2020-07-27,E92000001,12.0,3.0
788,2020-07-26,E92000001,15.0,7.0
789,2020-07-25,E92000001,14.0,15.0
790,2020-07-24,E92000001,6.0,32.0
791,2020-07-23,E92000001,16.0,9.0
792,2020-07-22,E92000001,17.0,16.0
793,2020-07-21,E92000001,20.0,25.0
794,2020-07-20,E92000001,12.0,10.0
795,2020-07-19,E92000001,14.0,10.0
796,2020-07-18,E92000001,15.0,9.0
797,2020-07-17,E92000001,18.0,25.0
798,2020-07-16,E92000001,12.0,23.0
799,2020-07-15,E92000001,20.0,24.0
800,2020-07-14,E92000001,20.0,42.0
801,2020-07-13,E92000001,24.0,8.0
802,2020-07-12,E92000001,13.0,9.0
803,2020-07-11,E92000001,20.0,16.0
804,2020-07-10,E92000001,23.0,34.0
805,2020-07-09,E92000001,35.0,29.0
806,2020-07-08,E92000001,23.0,52.0
807,2020-07-07,E92000001,26.0,50.0
808,2020-07-06,E92000001,35.0,11.0
809,2020-07-05,E92000001,25.0,18.0
810,2020-07-04,E92000001,31.0,27.0
811,2020-07-03,E92000001,27.0,45.0
812,2020-07-02,E92000001,40.0,31.0
813,2020-07-01,E92000001,21.0,90.0
814,2020-06-30,E92000001,43.0,47.0
815,2020-06-29,E92000001,34.0,17.0
816,2020-06-28,E92000001,42.0,28.0
817,2020-06-27,E92000001,41.0,34.0
818,2020-06-26,E92000001,38.0,76.0
819,2020-06-25,E92000001,58.0,91.0
820,2020-06-24,E92000001,67.0,74.0
821,2020-06-23,E92000001,62.0,84.0
822,2020-06-22,E92000001,58.0,13.0
823,2020-06-21,E92000001,47.0,30.0
824,2020-06-20,E92000001,54.0,67.0
825,2020-06-19,E92000001,47.0,73.0
826,2020-06-18,E92000001,57.0,60.0
827,2020-06-17,E92000001,54.0,90.0
828,2020-06-16,E92000001,70.0,106.0
829,2020-06-15,E92000001,62.0,25.0
830,2020-06-14,E92000001,76.0,23.0
831,2020-06-13,E92000001,52.0,94.0
832,2020-06-12,E92000001,73.0,117.0
833,2020-06-11,E92000001,72.0,64.0
834,2020-06-10,E92000001,98.0,143.0
835,2020-06-09,E92000001,85.0,179.0
836,2020-06-08,E92000001,112.0,44.0
837,2020-06-07,E92000001,113.0,49.0
838,2020-06-06,E92000001,99.0,126.0
839,2020-06-05,E92000001,109.0,239.0
840,2020-06-04,E92000001,121.0,112.0
841,2020-06-03,E92000001,138.0,218.0
842,2020-06-02,E92000001,155.0,228.0
843,2020-06-01,E92000001,121.0,79.0
844,2020-05-31,E92000001,113.0,39.0
845,2020-05-30,E92000001,145.0,117.0
846,2020-05-29,E92000001,163.0,246.0
847,2020-05-28,E92000001,182.0,315.0
848,2020-05-27,E92000001,172.0,396.0
849,2020-05-26,E92000001,189.0,105.0
850,2020-05-25,E92000001,175.0,86.0
851,2020-05-24,E92000001,170.0,362.0
852,2020-05-23,E92000001,200.0,197.0
853,2020-05-22,E92000001,195.0,257.0
854,2020-05-21,E92000001,202.0,220.0
855,2020-05-20,E92000001,236.0,259.0
856,2020-05-19,E92000001,231.0,447.0
857,2020-05-18,E92000001,253.0,134.0
858,2020-05-17,E92000001,222.0,43.0
859,2020-05-16,E92000001,268.0,348.0
860,2020-05-15,E92000001,269.0,280.0
861,2020-05-14,E92000001,277.0,303.0
862,2020-05-13,E92000001,256.0,362.0
863,2020-05-12,E92000001,275.0,539.0
864,2020-05-11,E92000001,260.0,174.0
865,2020-05-10,E92000001,300.0,190.0
866,2020-05-09,E92000001,331.0,226.0
867,2020-05-08,E92000001,331.0,498.0
868,2020-05-07,E92000001,399.0,377.0
869,2020-05-06,E92000001,391.0,529.0
870,2020-05-05,E92000001,392.0,639.0
871,2020-05-04,E92000001,412.0,247.0
872,2020-05-03,E92000001,388.0,222.0
873,2020-05-02,E92000001,424.0,485.0
874,2020-05-01,E92000001,479.0,623.0
875,2020-04-30,E92000001,484.0,543.0
876,2020-04-29,E92000001,495.0,604.0
877,2020-04-28,E92000001,498.0,862.0
878,2020-04-27,E92000001,506.0,289.0
879,2020-04-26,E92000001,560.0,327.0
880,2020-04-25,E92000001,554.0,729.0
881,2020-04-24,E92000001,602.0,821.0
882,2020-04-23,E92000001,595.0,594.0
883,2020-04-22,E92000001,643.0,725.0
884,2020-04-21,E92000001,651.0,1116.0
885,2020-04-20,E92000001,685.0,536.0
886,2020-04-19,E92000001,688.0,380.0
887,2020-04-18,E92000001,706.0,1004.0
888,2020-04-17,E92000001,742.0,826.0
889,2020-04-16,E92000001,754.0,906.0
890,2020-04-15,E92000001,782.0,730.0
891,2020-04-14,E92000001,770.0,1007.0
892,2020-04-13,E92000001,805.0,694.0
893,2020-04-12,E92000001,856.0,604.0
894,2020-04-11,E92000001,864.0,745.0
895,2020-04-10,E92000001,850.0,1035.0
896,2020-04-09,E92000001,875.0,990.0
897,2020-04-08,E92000001,977.0,922.0
898,2020-04-07,E92000001,909.0,1009.0
899,2020-04-06,E92000001,806.0,531.0
900,2020-04-05,E92000001,829.0,578.0
901,2020-04-04,E92000001,838.0,689.0
902,2020-04-03,E92000001,743.0,654.0
903,2020-04-02,E92000001,731.0,603.0
904,2020-04-01,E92000001,698.0,613.0
905,2020-03-31,E92000001,604.0,368.0
906,2020-03-30,E92000001,540.0,353.0
907,2020-03-29,E92000001,465.0,195.0
908,2020-03-28,E92000001,384.0,279.0
909,2020-03-27,E92000001,374.0,271.0
910,2020-03-26,E92000001,338.0,169.0
911,2020-03-25,E92000001,278.0,178.0
912,2020-03-24,E92000001,219.0,143.0
913,2020-03-23,E92000001,173.0,67.0
914,2020-03-22,E92000001,153.0,24.0
915,2020-03-21,E92000001,116.0,54.0
916,2020-03-20,E92000001,102.0,32.0
917,2020-03-19,E92000001,66.0,42.0
918,2020-03-18,E92000001,67.0,33.0
919,2020-03-17,E92000001,51.0,15.0
920,2020-03-16,E92000001,43.0,22.0
921,2020-03-15,E92000001,32.0,14.0
922,2020-03-14,E92000001,20.0,18.0
923,2020-03-13,E92000001,16.0,1.0
924,2020-03-12,E92000001,12.0,2.0
925,2020-03-11,E92000001,8.0,0.0
926,2020-03-10,E92000001,3.0,4.0
927,2020-03-09,E92000001,5.0,1.0
928,2020-03-08,E92000001,3.0,0.0
929,2020-03-07,E92000001,0.0,1.0
930,2020-03-06,E92000001,0.0,1.0
931,2020-03-05,E92000001,3.0,
932,2020-03-04,E92000001,0.0,
933,2020-03-03,E92000001,2.0,
934,2020-03-02,E92000001,1.0,
